date,video_id,views,likes,comments,title,channel_title,published_at,thumbnail_url,video_url
2025-08-12,16REyCvPLtQ,20942,995,57,Cable Railing Install | Loft Build Part 3,Bear Mountain Builds,2024-04-18T12:00:02Z,https://i.ytimg.com/vi/16REyCvPLtQ/maxresdefault.jpg,https://www.youtube.com/watch?v=16REyCvPLtQ
2025-08-13,16REyCvPLtQ,20963,995,57,Cable Railing Install | Loft Build Part 3,Bear Mountain Builds,2024-04-18T12:00:02Z,https://i.ytimg.com/vi/16REyCvPLtQ/maxresdefault.jpg,https://www.youtube.com/watch?v=16REyCvPLtQ
2025-08-14,16REyCvPLtQ,20983,995,57,Cable Railing Install | Loft Build Part 3,Bear Mountain Builds,2024-04-18T12:00:02Z,https://i.ytimg.com/vi/16REyCvPLtQ/maxresdefault.jpg,https://www.youtube.com/watch?v=16REyCvPLtQ
2025-08-15,16REyCvPLtQ,20995,996,57,Cable Railing Install | Loft Build Part 3,Bear Mountain Builds,2024-04-18T12:00:02Z,https://i.ytimg.com/vi/16REyCvPLtQ/maxresdefault.jpg,https://www.youtube.com/watch?v=16REyCvPLtQ
2025-08-16,16REyCvPLtQ,21013,996,57,Cable Railing Install | Loft Build Part 3,Bear Mountain Builds,2024-04-18T12:00:02Z,https://i.ytimg.com/vi/16REyCvPLtQ/maxresdefault.jpg,https://www.youtube.com/watch?v=16REyCvPLtQ
2025-08-17,16REyCvPLtQ,21039,997,57,Cable Railing Install | Loft Build Part 3,Bear Mountain Builds,2024-04-18T12:00:02Z,https://i.ytimg.com/vi/16REyCvPLtQ/maxresdefault.jpg,https://www.youtube.com/watch?v=16REyCvPLtQ
2025-08-18,16REyCvPLtQ,21056,998,57,Cable Railing Install | Loft Build Part 3,Bear Mountain Builds,2024-04-18T12:00:02Z,https://i.ytimg.com/vi/16REyCvPLtQ/maxresdefault.jpg,https://www.youtube.com/watch?v=16REyCvPLtQ
2025-08-19,16REyCvPLtQ,21069,999,57,Cable Railing Install | Loft Build Part 3,Bear Mountain Builds,2024-04-18T12:00:02Z,https://i.ytimg.com/vi/16REyCvPLtQ/maxresdefault.jpg,https://www.youtube.com/watch?v=16REyCvPLtQ
2025-08-20,16REyCvPLtQ,21087,1000,57,Cable Railing Install | Loft Build Part 3,Bear Mountain Builds,2024-04-18T12:00:02Z,https://i.ytimg.com/vi/16REyCvPLtQ/maxresdefault.jpg,https://www.youtube.com/watch?v=16REyCvPLtQ
2025-08-21,16REyCvPLtQ,21105,1000,57,Cable Railing Install | Loft Build Part 3,Bear Mountain Builds,2024-04-18T12:00:02Z,https://i.ytimg.com/vi/16REyCvPLtQ/maxresdefault.jpg,https://www.youtube.com/watch?v=16REyCvPLtQ
2025-08-22,16REyCvPLtQ,21106,1000,57,Cable Railing Install | Loft Build Part 3,Bear Mountain Builds,2024-04-18T12:00:02Z,https://i.ytimg.com/vi/16REyCvPLtQ/maxresdefault.jpg,https://www.youtube.com/watch?v=16REyCvPLtQ
2025-08-08,5y8ZSN429rU,326992,8305,528,How I Built A DIY Tiny Home GYM Full Interior Build,Builders Blueprint ,2024-03-15T22:52:01Z,https://i.ytimg.com/vi/5y8ZSN429rU/maxresdefault.jpg,https://www.youtube.com/watch?v=5y8ZSN429rU
2025-08-10,5y8ZSN429rU,327223,8305,528,How I Built A DIY Tiny Home GYM Full Interior Build,Builders Blueprint ,2024-03-15T22:52:01Z,https://i.ytimg.com/vi/5y8ZSN429rU/maxresdefault.jpg,https://www.youtube.com/watch?v=5y8ZSN429rU
2025-08-11,5y8ZSN429rU,327324,8307,528,How I Built A DIY Tiny Home GYM Full Interior Build,Builders Blueprint ,2024-03-15T22:52:01Z,https://i.ytimg.com/vi/5y8ZSN429rU/maxresdefault.jpg,https://www.youtube.com/watch?v=5y8ZSN429rU
2025-08-12,5y8ZSN429rU,327437,8311,529,How I Built A DIY Tiny Home GYM Full Interior Build,Builders Blueprint ,2024-03-15T22:52:01Z,https://i.ytimg.com/vi/5y8ZSN429rU/maxresdefault.jpg,https://www.youtube.com/watch?v=5y8ZSN429rU
2025-08-13,5y8ZSN429rU,327508,8313,529,How I Built A DIY Tiny Home GYM Full Interior Build,Builders Blueprint ,2024-03-15T22:52:01Z,https://i.ytimg.com/vi/5y8ZSN429rU/maxresdefault.jpg,https://www.youtube.com/watch?v=5y8ZSN429rU
2025-08-14,5y8ZSN429rU,327594,8313,529,How I Built A DIY Tiny Home GYM Full Interior Build,Builders Blueprint ,2024-03-15T22:52:01Z,https://i.ytimg.com/vi/5y8ZSN429rU/maxresdefault.jpg,https://www.youtube.com/watch?v=5y8ZSN429rU
2025-08-15,5y8ZSN429rU,327663,8315,529,How I Built A DIY Tiny Home GYM Full Interior Build,Builders Blueprint ,2024-03-15T22:52:01Z,https://i.ytimg.com/vi/5y8ZSN429rU/maxresdefault.jpg,https://www.youtube.com/watch?v=5y8ZSN429rU
2025-08-16,5y8ZSN429rU,327774,8315,529,How I Built A DIY Tiny Home GYM Full Interior Build,Builders Blueprint ,2024-03-15T22:52:01Z,https://i.ytimg.com/vi/5y8ZSN429rU/maxresdefault.jpg,https://www.youtube.com/watch?v=5y8ZSN429rU
2025-08-17,5y8ZSN429rU,327908,8316,529,How I Built A DIY Tiny Home GYM Full Interior Build,Builders Blueprint ,2024-03-15T22:52:01Z,https://i.ytimg.com/vi/5y8ZSN429rU/maxresdefault.jpg,https://www.youtube.com/watch?v=5y8ZSN429rU
2025-08-18,5y8ZSN429rU,327997,8318,529,How I Built A DIY Tiny Home GYM Full Interior Build,Builders Blueprint ,2024-03-15T22:52:01Z,https://i.ytimg.com/vi/5y8ZSN429rU/maxresdefault.jpg,https://www.youtube.com/watch?v=5y8ZSN429rU
2025-08-19,5y8ZSN429rU,328081,8319,529,How I Built A DIY Tiny Home GYM Full Interior Build,Builders Blueprint ,2024-03-15T22:52:01Z,https://i.ytimg.com/vi/5y8ZSN429rU/maxresdefault.jpg,https://www.youtube.com/watch?v=5y8ZSN429rU
2025-08-20,5y8ZSN429rU,328146,8321,529,How I Built A DIY Tiny Home GYM Full Interior Build,Builders Blueprint ,2024-03-15T22:52:01Z,https://i.ytimg.com/vi/5y8ZSN429rU/maxresdefault.jpg,https://www.youtube.com/watch?v=5y8ZSN429rU
2025-08-21,5y8ZSN429rU,328213,8320,529,How I Built A DIY Tiny Home GYM Full Interior Build,Builders Blueprint ,2024-03-15T22:52:01Z,https://i.ytimg.com/vi/5y8ZSN429rU/maxresdefault.jpg,https://www.youtube.com/watch?v=5y8ZSN429rU
2025-08-22,5y8ZSN429rU,328230,8320,529,How I Built A DIY Tiny Home GYM Full Interior Build,Builders Blueprint ,2024-03-15T22:52:01Z,https://i.ytimg.com/vi/5y8ZSN429rU/maxresdefault.jpg,https://www.youtube.com/watch?v=5y8ZSN429rU
2025-08-08,6eI4wv7i0fU,95028,9850,229,This New Railing Is Sweet!! - Leg Arm's House Build Part 14,Welker Farms,2024-01-15T00:04:55Z,https://i.ytimg.com/vi/6eI4wv7i0fU/maxresdefault.jpg,https://www.youtube.com/watch?v=6eI4wv7i0fU
2025-08-10,6eI4wv7i0fU,95040,9850,229,This New Railing Is Sweet!! - Leg Arm's House Build Part 14,Welker Farms,2024-01-15T00:04:55Z,https://i.ytimg.com/vi/6eI4wv7i0fU/maxresdefault.jpg,https://www.youtube.com/watch?v=6eI4wv7i0fU
2025-08-11,6eI4wv7i0fU,95044,9851,229,This New Railing Is Sweet!! - Leg Arm's House Build Part 14,Welker Farms,2024-01-15T00:04:55Z,https://i.ytimg.com/vi/6eI4wv7i0fU/maxresdefault.jpg,https://www.youtube.com/watch?v=6eI4wv7i0fU
2025-08-12,6eI4wv7i0fU,95054,9851,229,This New Railing Is Sweet!! - Leg Arm's House Build Part 14,Welker Farms,2024-01-15T00:04:55Z,https://i.ytimg.com/vi/6eI4wv7i0fU/maxresdefault.jpg,https://www.youtube.com/watch?v=6eI4wv7i0fU
2025-08-13,6eI4wv7i0fU,95057,9851,229,This New Railing Is Sweet!! - Leg Arm's House Build Part 14,Welker Farms,2024-01-15T00:04:55Z,https://i.ytimg.com/vi/6eI4wv7i0fU/maxresdefault.jpg,https://www.youtube.com/watch?v=6eI4wv7i0fU
2025-08-14,6eI4wv7i0fU,95064,9850,229,This New Railing Is Sweet!! - Leg Arm's House Build Part 14,Welker Farms,2024-01-15T00:04:55Z,https://i.ytimg.com/vi/6eI4wv7i0fU/maxresdefault.jpg,https://www.youtube.com/watch?v=6eI4wv7i0fU
2025-08-15,6eI4wv7i0fU,95067,9850,229,This New Railing Is Sweet!! - Leg Arm's House Build Part 14,Welker Farms,2024-01-15T00:04:55Z,https://i.ytimg.com/vi/6eI4wv7i0fU/maxresdefault.jpg,https://www.youtube.com/watch?v=6eI4wv7i0fU
2025-08-16,6eI4wv7i0fU,95070,9851,229,This New Railing Is Sweet!! - Leg Arm's House Build Part 14,Welker Farms,2024-01-15T00:04:55Z,https://i.ytimg.com/vi/6eI4wv7i0fU/maxresdefault.jpg,https://www.youtube.com/watch?v=6eI4wv7i0fU
2025-08-17,6eI4wv7i0fU,95078,9851,229,This New Railing Is Sweet!! - Leg Arm's House Build Part 14,Welker Farms,2024-01-15T00:04:55Z,https://i.ytimg.com/vi/6eI4wv7i0fU/maxresdefault.jpg,https://www.youtube.com/watch?v=6eI4wv7i0fU
2025-08-18,6eI4wv7i0fU,95081,9851,229,This New Railing Is Sweet!! - Leg Arm's House Build Part 14,Welker Farms,2024-01-15T00:04:55Z,https://i.ytimg.com/vi/6eI4wv7i0fU/maxresdefault.jpg,https://www.youtube.com/watch?v=6eI4wv7i0fU
2025-08-19,6eI4wv7i0fU,95089,9852,229,This New Railing Is Sweet!! - Leg Arm's House Build Part 14,Welker Farms,2024-01-15T00:04:55Z,https://i.ytimg.com/vi/6eI4wv7i0fU/maxresdefault.jpg,https://www.youtube.com/watch?v=6eI4wv7i0fU
2025-08-20,6eI4wv7i0fU,95090,9852,229,This New Railing Is Sweet!! - Leg Arm's House Build Part 14,Welker Farms,2024-01-15T00:04:55Z,https://i.ytimg.com/vi/6eI4wv7i0fU/maxresdefault.jpg,https://www.youtube.com/watch?v=6eI4wv7i0fU
2025-08-21,6eI4wv7i0fU,95092,9852,229,This New Railing Is Sweet!! - Leg Arm's House Build Part 14,Welker Farms,2024-01-15T00:04:55Z,https://i.ytimg.com/vi/6eI4wv7i0fU/maxresdefault.jpg,https://www.youtube.com/watch?v=6eI4wv7i0fU
2025-08-22,6eI4wv7i0fU,95092,9852,229,This New Railing Is Sweet!! - Leg Arm's House Build Part 14,Welker Farms,2024-01-15T00:04:55Z,https://i.ytimg.com/vi/6eI4wv7i0fU/maxresdefault.jpg,https://www.youtube.com/watch?v=6eI4wv7i0fU
2025-08-08,7ihBGB_MR8I,158156,6187,414,"I Tried to Make my $0 Camper ""Luxury""",I Can Do That,2025-04-04T14:00:15Z,https://i.ytimg.com/vi/7ihBGB_MR8I/maxresdefault.jpg,https://www.youtube.com/watch?v=7ihBGB_MR8I
2025-08-10,7ihBGB_MR8I,158753,6199,414,"I Tried to Make my $0 Camper ""Luxury""",I Can Do That,2025-04-04T14:00:15Z,https://i.ytimg.com/vi/7ihBGB_MR8I/maxresdefault.jpg,https://www.youtube.com/watch?v=7ihBGB_MR8I
2025-08-11,7ihBGB_MR8I,158942,6208,414,"I Tried to Make my $0 Camper ""Luxury""",I Can Do That,2025-04-04T14:00:15Z,https://i.ytimg.com/vi/7ihBGB_MR8I/maxresdefault.jpg,https://www.youtube.com/watch?v=7ihBGB_MR8I
2025-08-12,7ihBGB_MR8I,159232,6214,414,"I Tried to Make my $0 Camper ""Luxury""",I Can Do That,2025-04-04T14:00:15Z,https://i.ytimg.com/vi/7ihBGB_MR8I/maxresdefault.jpg,https://www.youtube.com/watch?v=7ihBGB_MR8I
2025-08-13,7ihBGB_MR8I,159488,6219,414,"I Tried to Make my $0 Camper ""Luxury""",I Can Do That,2025-04-04T14:00:15Z,https://i.ytimg.com/vi/7ihBGB_MR8I/maxresdefault.jpg,https://www.youtube.com/watch?v=7ihBGB_MR8I
2025-08-14,7ihBGB_MR8I,159703,6228,414,"I Tried to Make my $0 Camper ""Luxury""",I Can Do That,2025-04-04T14:00:15Z,https://i.ytimg.com/vi/7ihBGB_MR8I/maxresdefault.jpg,https://www.youtube.com/watch?v=7ihBGB_MR8I
2025-08-15,7ihBGB_MR8I,159915,6235,415,"I Tried to Make my $0 Camper ""Luxury""",I Can Do That,2025-04-04T14:00:15Z,https://i.ytimg.com/vi/7ihBGB_MR8I/maxresdefault.jpg,https://www.youtube.com/watch?v=7ihBGB_MR8I
2025-08-16,7ihBGB_MR8I,160117,6240,415,"I Tried to Make my $0 Camper ""Luxury""",I Can Do That,2025-04-04T14:00:15Z,https://i.ytimg.com/vi/7ihBGB_MR8I/maxresdefault.jpg,https://www.youtube.com/watch?v=7ihBGB_MR8I
2025-08-17,7ihBGB_MR8I,160312,6244,415,"I Tried to Make my $0 Camper ""Luxury""",I Can Do That,2025-04-04T14:00:15Z,https://i.ytimg.com/vi/7ihBGB_MR8I/maxresdefault.jpg,https://www.youtube.com/watch?v=7ihBGB_MR8I
2025-08-18,7ihBGB_MR8I,160599,6252,415,"I Tried to Make my $0 Camper ""Luxury""",I Can Do That,2025-04-04T14:00:15Z,https://i.ytimg.com/vi/7ihBGB_MR8I/maxresdefault.jpg,https://www.youtube.com/watch?v=7ihBGB_MR8I
2025-08-19,7ihBGB_MR8I,160863,6253,415,"I Tried to Make my $0 Camper ""Luxury""",I Can Do That,2025-04-04T14:00:15Z,https://i.ytimg.com/vi/7ihBGB_MR8I/maxresdefault.jpg,https://www.youtube.com/watch?v=7ihBGB_MR8I
2025-08-20,7ihBGB_MR8I,161223,6261,415,"I Tried to Make my $0 Camper ""Luxury""",I Can Do That,2025-04-04T14:00:15Z,https://i.ytimg.com/vi/7ihBGB_MR8I/maxresdefault.jpg,https://www.youtube.com/watch?v=7ihBGB_MR8I
2025-08-21,7ihBGB_MR8I,161533,6268,415,"I Tried to Make my $0 Camper ""Luxury""",I Can Do That,2025-04-04T14:00:15Z,https://i.ytimg.com/vi/7ihBGB_MR8I/maxresdefault.jpg,https://www.youtube.com/watch?v=7ihBGB_MR8I
2025-08-22,7ihBGB_MR8I,161638,6268,415,"I Tried to Make my $0 Camper ""Luxury""",I Can Do That,2025-04-04T14:00:15Z,https://i.ytimg.com/vi/7ihBGB_MR8I/maxresdefault.jpg,https://www.youtube.com/watch?v=7ihBGB_MR8I
2025-08-08,7nvF5b1VmW0,24908,935,62,7 Interior Trends That Just HIT DIFFERENT in 2025,Tales of Maria ,2025-04-18T15:00:12Z,https://i.ytimg.com/vi/7nvF5b1VmW0/maxresdefault.jpg,https://www.youtube.com/watch?v=7nvF5b1VmW0
2025-08-10,7nvF5b1VmW0,25031,939,62,7 Interior Trends That Just HIT DIFFERENT in 2025,Tales of Maria ,2025-04-18T15:00:12Z,https://i.ytimg.com/vi/7nvF5b1VmW0/maxresdefault.jpg,https://www.youtube.com/watch?v=7nvF5b1VmW0
2025-08-11,7nvF5b1VmW0,25089,940,62,7 Interior Trends That Just HIT DIFFERENT in 2025,Tales of Maria ,2025-04-18T15:00:12Z,https://i.ytimg.com/vi/7nvF5b1VmW0/maxresdefault.jpg,https://www.youtube.com/watch?v=7nvF5b1VmW0
2025-08-12,7nvF5b1VmW0,25162,942,62,7 Interior Trends That Just HIT DIFFERENT in 2025,Tales of Maria ,2025-04-18T15:00:12Z,https://i.ytimg.com/vi/7nvF5b1VmW0/maxresdefault.jpg,https://www.youtube.com/watch?v=7nvF5b1VmW0
2025-08-13,7nvF5b1VmW0,25223,945,63,7 Interior Trends That Just HIT DIFFERENT in 2025,Tales of Maria ,2025-04-18T15:00:12Z,https://i.ytimg.com/vi/7nvF5b1VmW0/maxresdefault.jpg,https://www.youtube.com/watch?v=7nvF5b1VmW0
2025-08-14,7nvF5b1VmW0,25282,947,63,7 Interior Trends That Just HIT DIFFERENT in 2025,Tales of Maria ,2025-04-18T15:00:12Z,https://i.ytimg.com/vi/7nvF5b1VmW0/maxresdefault.jpg,https://www.youtube.com/watch?v=7nvF5b1VmW0
2025-08-15,7nvF5b1VmW0,25329,948,63,7 Interior Trends That Just HIT DIFFERENT in 2025,Tales of Maria ,2025-04-18T15:00:12Z,https://i.ytimg.com/vi/7nvF5b1VmW0/maxresdefault.jpg,https://www.youtube.com/watch?v=7nvF5b1VmW0
2025-08-16,7nvF5b1VmW0,25382,948,63,7 Interior Trends That Just HIT DIFFERENT in 2025,Tales of Maria ,2025-04-18T15:00:12Z,https://i.ytimg.com/vi/7nvF5b1VmW0/maxresdefault.jpg,https://www.youtube.com/watch?v=7nvF5b1VmW0
2025-08-17,7nvF5b1VmW0,25457,951,63,7 Interior Trends That Just HIT DIFFERENT in 2025,Tales of Maria ,2025-04-18T15:00:12Z,https://i.ytimg.com/vi/7nvF5b1VmW0/maxresdefault.jpg,https://www.youtube.com/watch?v=7nvF5b1VmW0
2025-08-18,7nvF5b1VmW0,25529,952,63,7 Interior Trends That Just HIT DIFFERENT in 2025,Tales of Maria ,2025-04-18T15:00:12Z,https://i.ytimg.com/vi/7nvF5b1VmW0/maxresdefault.jpg,https://www.youtube.com/watch?v=7nvF5b1VmW0
2025-08-19,7nvF5b1VmW0,25581,957,63,7 Interior Trends That Just HIT DIFFERENT in 2025,Tales of Maria ,2025-04-18T15:00:12Z,https://i.ytimg.com/vi/7nvF5b1VmW0/maxresdefault.jpg,https://www.youtube.com/watch?v=7nvF5b1VmW0
2025-08-20,7nvF5b1VmW0,25631,960,63,7 Interior Trends That Just HIT DIFFERENT in 2025,Tales of Maria ,2025-04-18T15:00:12Z,https://i.ytimg.com/vi/7nvF5b1VmW0/maxresdefault.jpg,https://www.youtube.com/watch?v=7nvF5b1VmW0
2025-08-21,7nvF5b1VmW0,25697,961,63,7 Interior Trends That Just HIT DIFFERENT in 2025,Tales of Maria ,2025-04-18T15:00:12Z,https://i.ytimg.com/vi/7nvF5b1VmW0/maxresdefault.jpg,https://www.youtube.com/watch?v=7nvF5b1VmW0
2025-08-22,7nvF5b1VmW0,25715,961,63,7 Interior Trends That Just HIT DIFFERENT in 2025,Tales of Maria ,2025-04-18T15:00:12Z,https://i.ytimg.com/vi/7nvF5b1VmW0/maxresdefault.jpg,https://www.youtube.com/watch?v=7nvF5b1VmW0
2025-08-08,BrwZ7gwuAqY,13435,1541,141,95F Cabin Building is HARD - Offgrid Mountain Cabin,Woodness Goodness,2025-08-02T11:59:32Z,https://i.ytimg.com/vi/BrwZ7gwuAqY/maxresdefault.jpg,https://www.youtube.com/watch?v=BrwZ7gwuAqY
2025-08-10,BrwZ7gwuAqY,13805,1573,143,95F Cabin Building is HARD - Offgrid Mountain Cabin,Woodness Goodness,2025-08-02T11:59:32Z,https://i.ytimg.com/vi/BrwZ7gwuAqY/maxresdefault.jpg,https://www.youtube.com/watch?v=BrwZ7gwuAqY
2025-08-11,BrwZ7gwuAqY,13875,1576,143,95F Cabin Building is HARD - Offgrid Mountain Cabin,Woodness Goodness,2025-08-02T11:59:32Z,https://i.ytimg.com/vi/BrwZ7gwuAqY/maxresdefault.jpg,https://www.youtube.com/watch?v=BrwZ7gwuAqY
2025-08-12,BrwZ7gwuAqY,13951,1581,143,95F Cabin Building is HARD - Offgrid Mountain Cabin,Woodness Goodness,2025-08-02T11:59:32Z,https://i.ytimg.com/vi/BrwZ7gwuAqY/maxresdefault.jpg,https://www.youtube.com/watch?v=BrwZ7gwuAqY
2025-08-13,BrwZ7gwuAqY,14008,1583,143,95F Cabin Building is HARD - Offgrid Mountain Cabin,Woodness Goodness,2025-08-02T11:59:32Z,https://i.ytimg.com/vi/BrwZ7gwuAqY/maxresdefault.jpg,https://www.youtube.com/watch?v=BrwZ7gwuAqY
2025-08-14,BrwZ7gwuAqY,14065,1584,143,95F Cabin Building is HARD - Offgrid Mountain Cabin,Woodness Goodness,2025-08-02T11:59:32Z,https://i.ytimg.com/vi/BrwZ7gwuAqY/maxresdefault.jpg,https://www.youtube.com/watch?v=BrwZ7gwuAqY
2025-08-15,BrwZ7gwuAqY,14128,1587,144,95F Cabin Building is HARD - Offgrid Mountain Cabin,Woodness Goodness,2025-08-02T11:59:32Z,https://i.ytimg.com/vi/BrwZ7gwuAqY/maxresdefault.jpg,https://www.youtube.com/watch?v=BrwZ7gwuAqY
2025-08-16,BrwZ7gwuAqY,14176,1586,144,95F Cabin Building is HARD - Offgrid Mountain Cabin,Woodness Goodness,2025-08-02T11:59:32Z,https://i.ytimg.com/vi/BrwZ7gwuAqY/maxresdefault.jpg,https://www.youtube.com/watch?v=BrwZ7gwuAqY
2025-08-17,BrwZ7gwuAqY,14216,1587,144,95F Cabin Building is HARD - Offgrid Mountain Cabin,Woodness Goodness,2025-08-02T11:59:32Z,https://i.ytimg.com/vi/BrwZ7gwuAqY/maxresdefault.jpg,https://www.youtube.com/watch?v=BrwZ7gwuAqY
2025-08-18,BrwZ7gwuAqY,14239,1589,144,95F Cabin Building is HARD - Offgrid Mountain Cabin,Woodness Goodness,2025-08-02T11:59:32Z,https://i.ytimg.com/vi/BrwZ7gwuAqY/maxresdefault.jpg,https://www.youtube.com/watch?v=BrwZ7gwuAqY
2025-08-19,BrwZ7gwuAqY,14259,1592,144,95F Cabin Building is HARD - Offgrid Mountain Cabin,Woodness Goodness,2025-08-02T11:59:32Z,https://i.ytimg.com/vi/BrwZ7gwuAqY/maxresdefault.jpg,https://www.youtube.com/watch?v=BrwZ7gwuAqY
2025-08-20,BrwZ7gwuAqY,14276,1595,144,95F Cabin Building is HARD - Offgrid Mountain Cabin,Woodness Goodness,2025-08-02T11:59:32Z,https://i.ytimg.com/vi/BrwZ7gwuAqY/maxresdefault.jpg,https://www.youtube.com/watch?v=BrwZ7gwuAqY
2025-08-21,BrwZ7gwuAqY,14289,1595,144,95F Cabin Building is HARD - Offgrid Mountain Cabin,Woodness Goodness,2025-08-02T11:59:32Z,https://i.ytimg.com/vi/BrwZ7gwuAqY/maxresdefault.jpg,https://www.youtube.com/watch?v=BrwZ7gwuAqY
2025-08-22,BrwZ7gwuAqY,14293,1596,144,95F Cabin Building is HARD - Offgrid Mountain Cabin,Woodness Goodness,2025-08-02T11:59:32Z,https://i.ytimg.com/vi/BrwZ7gwuAqY/maxresdefault.jpg,https://www.youtube.com/watch?v=BrwZ7gwuAqY
2025-08-08,Cjo3ftCIFJg,206169,20506,2252,The End of a Chapter,Tyler and Todd,2024-12-22T21:03:24Z,https://i.ytimg.com/vi/Cjo3ftCIFJg/maxresdefault.jpg,https://www.youtube.com/watch?v=Cjo3ftCIFJg
2025-08-10,Cjo3ftCIFJg,206195,20505,2252,The End of a Chapter,Tyler and Todd,2024-12-22T21:03:24Z,https://i.ytimg.com/vi/Cjo3ftCIFJg/maxresdefault.jpg,https://www.youtube.com/watch?v=Cjo3ftCIFJg
2025-08-11,Cjo3ftCIFJg,206207,20506,2252,The End of a Chapter,Tyler and Todd,2024-12-22T21:03:24Z,https://i.ytimg.com/vi/Cjo3ftCIFJg/maxresdefault.jpg,https://www.youtube.com/watch?v=Cjo3ftCIFJg
2025-08-12,Cjo3ftCIFJg,206219,20508,2252,The End of a Chapter,Tyler and Todd,2024-12-22T21:03:24Z,https://i.ytimg.com/vi/Cjo3ftCIFJg/maxresdefault.jpg,https://www.youtube.com/watch?v=Cjo3ftCIFJg
2025-08-13,Cjo3ftCIFJg,206237,20508,2252,The End of a Chapter,Tyler and Todd,2024-12-22T21:03:24Z,https://i.ytimg.com/vi/Cjo3ftCIFJg/maxresdefault.jpg,https://www.youtube.com/watch?v=Cjo3ftCIFJg
2025-08-14,Cjo3ftCIFJg,206248,20507,2252,The End of a Chapter,Tyler and Todd,2024-12-22T21:03:24Z,https://i.ytimg.com/vi/Cjo3ftCIFJg/maxresdefault.jpg,https://www.youtube.com/watch?v=Cjo3ftCIFJg
2025-08-15,Cjo3ftCIFJg,206255,20508,2252,The End of a Chapter,Tyler and Todd,2024-12-22T21:03:24Z,https://i.ytimg.com/vi/Cjo3ftCIFJg/maxresdefault.jpg,https://www.youtube.com/watch?v=Cjo3ftCIFJg
2025-08-16,Cjo3ftCIFJg,206268,20507,2252,The End of a Chapter,Tyler and Todd,2024-12-22T21:03:24Z,https://i.ytimg.com/vi/Cjo3ftCIFJg/maxresdefault.jpg,https://www.youtube.com/watch?v=Cjo3ftCIFJg
2025-08-17,Cjo3ftCIFJg,206282,20506,2252,The End of a Chapter,Tyler and Todd,2024-12-22T21:03:24Z,https://i.ytimg.com/vi/Cjo3ftCIFJg/maxresdefault.jpg,https://www.youtube.com/watch?v=Cjo3ftCIFJg
2025-08-18,Cjo3ftCIFJg,206304,20508,2252,The End of a Chapter,Tyler and Todd,2024-12-22T21:03:24Z,https://i.ytimg.com/vi/Cjo3ftCIFJg/maxresdefault.jpg,https://www.youtube.com/watch?v=Cjo3ftCIFJg
2025-08-19,Cjo3ftCIFJg,206322,20508,2252,The End of a Chapter,Tyler and Todd,2024-12-22T21:03:24Z,https://i.ytimg.com/vi/Cjo3ftCIFJg/maxresdefault.jpg,https://www.youtube.com/watch?v=Cjo3ftCIFJg
2025-08-20,Cjo3ftCIFJg,206343,20509,2252,The End of a Chapter,Tyler and Todd,2024-12-22T21:03:24Z,https://i.ytimg.com/vi/Cjo3ftCIFJg/maxresdefault.jpg,https://www.youtube.com/watch?v=Cjo3ftCIFJg
2025-08-21,Cjo3ftCIFJg,206354,20509,2252,The End of a Chapter,Tyler and Todd,2024-12-22T21:03:24Z,https://i.ytimg.com/vi/Cjo3ftCIFJg/maxresdefault.jpg,https://www.youtube.com/watch?v=Cjo3ftCIFJg
2025-08-22,Cjo3ftCIFJg,206366,20510,2252,The End of a Chapter,Tyler and Todd,2024-12-22T21:03:24Z,https://i.ytimg.com/vi/Cjo3ftCIFJg/maxresdefault.jpg,https://www.youtube.com/watch?v=Cjo3ftCIFJg
2025-08-08,F2UVwHLHlJ4,55465,4025,131,OUR WRAP AROUND DECK IS TAKING SHAPE,Life Elevated Off Grid,2023-11-29T15:30:04Z,https://i.ytimg.com/vi/F2UVwHLHlJ4/maxresdefault.jpg,https://www.youtube.com/watch?v=F2UVwHLHlJ4
2025-08-10,F2UVwHLHlJ4,55467,4026,131,OUR WRAP AROUND DECK IS TAKING SHAPE,Life Elevated Off Grid,2023-11-29T15:30:04Z,https://i.ytimg.com/vi/F2UVwHLHlJ4/maxresdefault.jpg,https://www.youtube.com/watch?v=F2UVwHLHlJ4
2025-08-11,F2UVwHLHlJ4,55468,4026,131,OUR WRAP AROUND DECK IS TAKING SHAPE,Life Elevated Off Grid,2023-11-29T15:30:04Z,https://i.ytimg.com/vi/F2UVwHLHlJ4/maxresdefault.jpg,https://www.youtube.com/watch?v=F2UVwHLHlJ4
2025-08-12,F2UVwHLHlJ4,55468,4026,131,OUR WRAP AROUND DECK IS TAKING SHAPE,Life Elevated Off Grid,2023-11-29T15:30:04Z,https://i.ytimg.com/vi/F2UVwHLHlJ4/maxresdefault.jpg,https://www.youtube.com/watch?v=F2UVwHLHlJ4
2025-08-13,F2UVwHLHlJ4,55469,4026,131,OUR WRAP AROUND DECK IS TAKING SHAPE,Life Elevated Off Grid,2023-11-29T15:30:04Z,https://i.ytimg.com/vi/F2UVwHLHlJ4/maxresdefault.jpg,https://www.youtube.com/watch?v=F2UVwHLHlJ4
2025-08-14,F2UVwHLHlJ4,55469,4026,131,OUR WRAP AROUND DECK IS TAKING SHAPE,Life Elevated Off Grid,2023-11-29T15:30:04Z,https://i.ytimg.com/vi/F2UVwHLHlJ4/maxresdefault.jpg,https://www.youtube.com/watch?v=F2UVwHLHlJ4
2025-08-15,F2UVwHLHlJ4,55469,4026,131,OUR WRAP AROUND DECK IS TAKING SHAPE,Life Elevated Off Grid,2023-11-29T15:30:04Z,https://i.ytimg.com/vi/F2UVwHLHlJ4/maxresdefault.jpg,https://www.youtube.com/watch?v=F2UVwHLHlJ4
2025-08-16,F2UVwHLHlJ4,55469,4026,131,OUR WRAP AROUND DECK IS TAKING SHAPE,Life Elevated Off Grid,2023-11-29T15:30:04Z,https://i.ytimg.com/vi/F2UVwHLHlJ4/maxresdefault.jpg,https://www.youtube.com/watch?v=F2UVwHLHlJ4
2025-08-17,F2UVwHLHlJ4,55469,4026,131,OUR WRAP AROUND DECK IS TAKING SHAPE,Life Elevated Off Grid,2023-11-29T15:30:04Z,https://i.ytimg.com/vi/F2UVwHLHlJ4/maxresdefault.jpg,https://www.youtube.com/watch?v=F2UVwHLHlJ4
2025-08-18,F2UVwHLHlJ4,55470,4026,131,OUR WRAP AROUND DECK IS TAKING SHAPE,Life Elevated Off Grid,2023-11-29T15:30:04Z,https://i.ytimg.com/vi/F2UVwHLHlJ4/maxresdefault.jpg,https://www.youtube.com/watch?v=F2UVwHLHlJ4
2025-08-19,F2UVwHLHlJ4,55470,4026,131,OUR WRAP AROUND DECK IS TAKING SHAPE,Life Elevated Off Grid,2023-11-29T15:30:04Z,https://i.ytimg.com/vi/F2UVwHLHlJ4/maxresdefault.jpg,https://www.youtube.com/watch?v=F2UVwHLHlJ4
2025-08-20,F2UVwHLHlJ4,55470,4026,131,OUR WRAP AROUND DECK IS TAKING SHAPE,Life Elevated Off Grid,2023-11-29T15:30:04Z,https://i.ytimg.com/vi/F2UVwHLHlJ4/maxresdefault.jpg,https://www.youtube.com/watch?v=F2UVwHLHlJ4
2025-08-21,F2UVwHLHlJ4,55470,4026,131,OUR WRAP AROUND DECK IS TAKING SHAPE,Life Elevated Off Grid,2023-11-29T15:30:04Z,https://i.ytimg.com/vi/F2UVwHLHlJ4/maxresdefault.jpg,https://www.youtube.com/watch?v=F2UVwHLHlJ4
2025-08-22,F2UVwHLHlJ4,55470,4026,131,OUR WRAP AROUND DECK IS TAKING SHAPE,Life Elevated Off Grid,2023-11-29T15:30:04Z,https://i.ytimg.com/vi/F2UVwHLHlJ4/maxresdefault.jpg,https://www.youtube.com/watch?v=F2UVwHLHlJ4
2025-08-08,HlLyuWODcp8,13719,2153,181,Remote Off-Grid Cabin Deck Safety Upgrade - Muzata Railing Install,Off Grid with Jay and Jen,2025-05-30T20:31:43Z,https://i.ytimg.com/vi/HlLyuWODcp8/maxresdefault.jpg,https://www.youtube.com/watch?v=HlLyuWODcp8
2025-08-10,HlLyuWODcp8,13721,2153,181,Remote Off-Grid Cabin Deck Safety Upgrade - Muzata Railing Install,Off Grid with Jay and Jen,2025-05-30T20:31:43Z,https://i.ytimg.com/vi/HlLyuWODcp8/maxresdefault.jpg,https://www.youtube.com/watch?v=HlLyuWODcp8
2025-08-11,HlLyuWODcp8,13721,2153,181,Remote Off-Grid Cabin Deck Safety Upgrade - Muzata Railing Install,Off Grid with Jay and Jen,2025-05-30T20:31:43Z,https://i.ytimg.com/vi/HlLyuWODcp8/maxresdefault.jpg,https://www.youtube.com/watch?v=HlLyuWODcp8
2025-08-12,HlLyuWODcp8,13721,2153,181,Remote Off-Grid Cabin Deck Safety Upgrade - Muzata Railing Install,Off Grid with Jay and Jen,2025-05-30T20:31:43Z,https://i.ytimg.com/vi/HlLyuWODcp8/maxresdefault.jpg,https://www.youtube.com/watch?v=HlLyuWODcp8
2025-08-13,HlLyuWODcp8,13723,2153,181,Remote Off-Grid Cabin Deck Safety Upgrade - Muzata Railing Install,Off Grid with Jay and Jen,2025-05-30T20:31:43Z,https://i.ytimg.com/vi/HlLyuWODcp8/maxresdefault.jpg,https://www.youtube.com/watch?v=HlLyuWODcp8
2025-08-14,HlLyuWODcp8,13726,2153,181,Remote Off-Grid Cabin Deck Safety Upgrade - Muzata Railing Install,Off Grid with Jay and Jen,2025-05-30T20:31:43Z,https://i.ytimg.com/vi/HlLyuWODcp8/maxresdefault.jpg,https://www.youtube.com/watch?v=HlLyuWODcp8
2025-08-15,HlLyuWODcp8,13726,2153,181,Remote Off-Grid Cabin Deck Safety Upgrade - Muzata Railing Install,Off Grid with Jay and Jen,2025-05-30T20:31:43Z,https://i.ytimg.com/vi/HlLyuWODcp8/maxresdefault.jpg,https://www.youtube.com/watch?v=HlLyuWODcp8
2025-08-16,HlLyuWODcp8,13728,2153,181,Remote Off-Grid Cabin Deck Safety Upgrade - Muzata Railing Install,Off Grid with Jay and Jen,2025-05-30T20:31:43Z,https://i.ytimg.com/vi/HlLyuWODcp8/maxresdefault.jpg,https://www.youtube.com/watch?v=HlLyuWODcp8
2025-08-17,HlLyuWODcp8,13731,2153,181,Remote Off-Grid Cabin Deck Safety Upgrade - Muzata Railing Install,Off Grid with Jay and Jen,2025-05-30T20:31:43Z,https://i.ytimg.com/vi/HlLyuWODcp8/maxresdefault.jpg,https://www.youtube.com/watch?v=HlLyuWODcp8
2025-08-18,HlLyuWODcp8,13732,2153,181,Remote Off-Grid Cabin Deck Safety Upgrade - Muzata Railing Install,Off Grid with Jay and Jen,2025-05-30T20:31:43Z,https://i.ytimg.com/vi/HlLyuWODcp8/maxresdefault.jpg,https://www.youtube.com/watch?v=HlLyuWODcp8
2025-08-19,HlLyuWODcp8,13733,2153,181,Remote Off-Grid Cabin Deck Safety Upgrade - Muzata Railing Install,Off Grid with Jay and Jen,2025-05-30T20:31:43Z,https://i.ytimg.com/vi/HlLyuWODcp8/maxresdefault.jpg,https://www.youtube.com/watch?v=HlLyuWODcp8
2025-08-20,HlLyuWODcp8,13734,2153,181,Remote Off-Grid Cabin Deck Safety Upgrade - Muzata Railing Install,Off Grid with Jay and Jen,2025-05-30T20:31:43Z,https://i.ytimg.com/vi/HlLyuWODcp8/maxresdefault.jpg,https://www.youtube.com/watch?v=HlLyuWODcp8
2025-08-21,HlLyuWODcp8,13734,2153,181,Remote Off-Grid Cabin Deck Safety Upgrade - Muzata Railing Install,Off Grid with Jay and Jen,2025-05-30T20:31:43Z,https://i.ytimg.com/vi/HlLyuWODcp8/maxresdefault.jpg,https://www.youtube.com/watch?v=HlLyuWODcp8
2025-08-22,HlLyuWODcp8,13735,2153,181,Remote Off-Grid Cabin Deck Safety Upgrade - Muzata Railing Install,Off Grid with Jay and Jen,2025-05-30T20:31:43Z,https://i.ytimg.com/vi/HlLyuWODcp8/maxresdefault.jpg,https://www.youtube.com/watch?v=HlLyuWODcp8
2025-08-08,O0xFDBo4rBU,75468,1062,105,The Best DIY Cable Railings on the Market,Devon Loerop,2024-02-19T02:07:11Z,https://i.ytimg.com/vi/O0xFDBo4rBU/maxresdefault.jpg,https://www.youtube.com/watch?v=O0xFDBo4rBU
2025-08-10,O0xFDBo4rBU,75656,1063,105,The Best DIY Cable Railings on the Market,Devon Loerop,2024-02-19T02:07:11Z,https://i.ytimg.com/vi/O0xFDBo4rBU/maxresdefault.jpg,https://www.youtube.com/watch?v=O0xFDBo4rBU
2025-08-11,O0xFDBo4rBU,75706,1064,98,The Best DIY Cable Railings on the Market,Devon Loerop,2024-02-19T02:07:11Z,https://i.ytimg.com/vi/O0xFDBo4rBU/maxresdefault.jpg,https://www.youtube.com/watch?v=O0xFDBo4rBU
2025-08-12,O0xFDBo4rBU,75799,1065,98,The Best DIY Cable Railings on the Market,Devon Loerop,2024-02-19T02:07:11Z,https://i.ytimg.com/vi/O0xFDBo4rBU/maxresdefault.jpg,https://www.youtube.com/watch?v=O0xFDBo4rBU
2025-08-13,O0xFDBo4rBU,75881,1065,98,The Best DIY Cable Railings on the Market,Devon Loerop,2024-02-19T02:07:11Z,https://i.ytimg.com/vi/O0xFDBo4rBU/maxresdefault.jpg,https://www.youtube.com/watch?v=O0xFDBo4rBU
2025-08-14,O0xFDBo4rBU,75980,1065,98,The Best DIY Cable Railings on the Market,Devon Loerop,2024-02-19T02:07:11Z,https://i.ytimg.com/vi/O0xFDBo4rBU/maxresdefault.jpg,https://www.youtube.com/watch?v=O0xFDBo4rBU
2025-08-15,O0xFDBo4rBU,76046,1065,98,The Best DIY Cable Railings on the Market,Devon Loerop,2024-02-19T02:07:11Z,https://i.ytimg.com/vi/O0xFDBo4rBU/maxresdefault.jpg,https://www.youtube.com/watch?v=O0xFDBo4rBU
2025-08-16,O0xFDBo4rBU,76112,1065,98,The Best DIY Cable Railings on the Market,Devon Loerop,2024-02-19T02:07:11Z,https://i.ytimg.com/vi/O0xFDBo4rBU/maxresdefault.jpg,https://www.youtube.com/watch?v=O0xFDBo4rBU
2025-08-17,O0xFDBo4rBU,76209,1065,98,The Best DIY Cable Railings on the Market,Devon Loerop,2024-02-19T02:07:11Z,https://i.ytimg.com/vi/O0xFDBo4rBU/maxresdefault.jpg,https://www.youtube.com/watch?v=O0xFDBo4rBU
2025-08-18,O0xFDBo4rBU,76296,1065,98,The Best DIY Cable Railings on the Market,Devon Loerop,2024-02-19T02:07:11Z,https://i.ytimg.com/vi/O0xFDBo4rBU/maxresdefault.jpg,https://www.youtube.com/watch?v=O0xFDBo4rBU
2025-08-19,O0xFDBo4rBU,76357,1066,98,The Best DIY Cable Railings on the Market,Devon Loerop,2024-02-19T02:07:11Z,https://i.ytimg.com/vi/O0xFDBo4rBU/maxresdefault.jpg,https://www.youtube.com/watch?v=O0xFDBo4rBU
2025-08-20,O0xFDBo4rBU,76451,1067,98,The Best DIY Cable Railings on the Market,Devon Loerop,2024-02-19T02:07:11Z,https://i.ytimg.com/vi/O0xFDBo4rBU/maxresdefault.jpg,https://www.youtube.com/watch?v=O0xFDBo4rBU
2025-08-21,O0xFDBo4rBU,76509,1067,98,The Best DIY Cable Railings on the Market,Devon Loerop,2024-02-19T02:07:11Z,https://i.ytimg.com/vi/O0xFDBo4rBU/maxresdefault.jpg,https://www.youtube.com/watch?v=O0xFDBo4rBU
2025-08-22,O0xFDBo4rBU,76531,1067,98,The Best DIY Cable Railings on the Market,Devon Loerop,2024-02-19T02:07:11Z,https://i.ytimg.com/vi/O0xFDBo4rBU/maxresdefault.jpg,https://www.youtube.com/watch?v=O0xFDBo4rBU
2025-08-08,Oi-piOr_9AY,642302,23800,1219,We Converted An ABANDONED SHED Into A TINY HOUSE,Will Edmond,2025-02-17T14:22:41Z,https://i.ytimg.com/vi/Oi-piOr_9AY/maxresdefault.jpg,https://www.youtube.com/watch?v=Oi-piOr_9AY
2025-08-10,Oi-piOr_9AY,643750,23848,1221,We Converted An ABANDONED SHED Into A TINY HOUSE,Will Edmond,2025-02-17T14:22:41Z,https://i.ytimg.com/vi/Oi-piOr_9AY/maxresdefault.jpg,https://www.youtube.com/watch?v=Oi-piOr_9AY
2025-08-11,Oi-piOr_9AY,644156,23855,1221,We Converted An ABANDONED SHED Into A TINY HOUSE,Will Edmond,2025-02-17T14:22:41Z,https://i.ytimg.com/vi/Oi-piOr_9AY/maxresdefault.jpg,https://www.youtube.com/watch?v=Oi-piOr_9AY
2025-08-12,Oi-piOr_9AY,644776,23864,1219,We Converted An ABANDONED SHED Into A TINY HOUSE,Will Edmond,2025-02-17T14:22:41Z,https://i.ytimg.com/vi/Oi-piOr_9AY/maxresdefault.jpg,https://www.youtube.com/watch?v=Oi-piOr_9AY
2025-08-13,Oi-piOr_9AY,645225,23872,1221,We Converted An ABANDONED SHED Into A TINY HOUSE,Will Edmond,2025-02-17T14:22:41Z,https://i.ytimg.com/vi/Oi-piOr_9AY/maxresdefault.jpg,https://www.youtube.com/watch?v=Oi-piOr_9AY
2025-08-14,Oi-piOr_9AY,645695,23888,1221,We Converted An ABANDONED SHED Into A TINY HOUSE,Will Edmond,2025-02-17T14:22:41Z,https://i.ytimg.com/vi/Oi-piOr_9AY/maxresdefault.jpg,https://www.youtube.com/watch?v=Oi-piOr_9AY
2025-08-15,Oi-piOr_9AY,646128,23896,1221,We Converted An ABANDONED SHED Into A TINY HOUSE,Will Edmond,2025-02-17T14:22:41Z,https://i.ytimg.com/vi/Oi-piOr_9AY/maxresdefault.jpg,https://www.youtube.com/watch?v=Oi-piOr_9AY
2025-08-16,Oi-piOr_9AY,646704,23901,1221,We Converted An ABANDONED SHED Into A TINY HOUSE,Will Edmond,2025-02-17T14:22:41Z,https://i.ytimg.com/vi/Oi-piOr_9AY/maxresdefault.jpg,https://www.youtube.com/watch?v=Oi-piOr_9AY
2025-08-17,Oi-piOr_9AY,647331,23913,1222,We Converted An ABANDONED SHED Into A TINY HOUSE,Will Edmond,2025-02-17T14:22:41Z,https://i.ytimg.com/vi/Oi-piOr_9AY/maxresdefault.jpg,https://www.youtube.com/watch?v=Oi-piOr_9AY
2025-08-18,Oi-piOr_9AY,648003,23928,1223,We Converted An ABANDONED SHED Into A TINY HOUSE,Will Edmond,2025-02-17T14:22:41Z,https://i.ytimg.com/vi/Oi-piOr_9AY/maxresdefault.jpg,https://www.youtube.com/watch?v=Oi-piOr_9AY
2025-08-19,Oi-piOr_9AY,648522,23942,1225,We Converted An ABANDONED SHED Into A TINY HOUSE,Will Edmond,2025-02-17T14:22:41Z,https://i.ytimg.com/vi/Oi-piOr_9AY/maxresdefault.jpg,https://www.youtube.com/watch?v=Oi-piOr_9AY
2025-08-20,Oi-piOr_9AY,648973,23957,1230,We Converted An ABANDONED SHED Into A TINY HOUSE,Will Edmond,2025-02-17T14:22:41Z,https://i.ytimg.com/vi/Oi-piOr_9AY/maxresdefault.jpg,https://www.youtube.com/watch?v=Oi-piOr_9AY
2025-08-21,Oi-piOr_9AY,649712,23972,1231,We Converted An ABANDONED SHED Into A TINY HOUSE,Will Edmond,2025-02-17T14:22:41Z,https://i.ytimg.com/vi/Oi-piOr_9AY/maxresdefault.jpg,https://www.youtube.com/watch?v=Oi-piOr_9AY
2025-08-22,Oi-piOr_9AY,649855,23977,1231,We Converted An ABANDONED SHED Into A TINY HOUSE,Will Edmond,2025-02-17T14:22:41Z,https://i.ytimg.com/vi/Oi-piOr_9AY/maxresdefault.jpg,https://www.youtube.com/watch?v=Oi-piOr_9AY
2025-08-18,URvGotBul_k,6575,445,34,NO FALLING NOW! #offgrid #cabin #diy #cabinbuild #offgridcabin #wild #deck #muzata,Woodness Goodness,2025-08-13T11:58:58Z,https://i.ytimg.com/vi/URvGotBul_k/maxresdefault.jpg,https://www.youtube.com/watch?v=URvGotBul_k
2025-08-19,URvGotBul_k,6630,447,35,NO FALLING NOW! #offgrid #cabin #diy #cabinbuild #offgridcabin #wild #deck #muzata,Woodness Goodness,2025-08-13T11:58:58Z,https://i.ytimg.com/vi/URvGotBul_k/maxresdefault.jpg,https://www.youtube.com/watch?v=URvGotBul_k
2025-08-20,URvGotBul_k,6663,447,35,NO FALLING NOW! #offgrid #cabin #diy #cabinbuild #offgridcabin #wild #deck #muzata,Woodness Goodness,2025-08-13T11:58:58Z,https://i.ytimg.com/vi/URvGotBul_k/maxresdefault.jpg,https://www.youtube.com/watch?v=URvGotBul_k
2025-08-21,URvGotBul_k,6683,447,35,NO FALLING NOW! #offgrid #cabin #diy #cabinbuild #offgridcabin #wild #deck #muzata,Woodness Goodness,2025-08-13T11:58:58Z,https://i.ytimg.com/vi/URvGotBul_k/maxresdefault.jpg,https://www.youtube.com/watch?v=URvGotBul_k
2025-08-22,URvGotBul_k,6692,448,35,NO FALLING NOW! #offgrid #cabin #diy #cabinbuild #offgridcabin #wild #deck #muzata,Woodness Goodness,2025-08-13T11:58:58Z,https://i.ytimg.com/vi/URvGotBul_k/maxresdefault.jpg,https://www.youtube.com/watch?v=URvGotBul_k
2025-08-08,_zrMHFLFK2Q,40136,494,38,How to Install Cable Railing on a Deck (In-depth Tutorial),DIY PETE,2023-06-04T14:30:17Z,https://i.ytimg.com/vi/_zrMHFLFK2Q/maxresdefault.jpg,https://www.youtube.com/watch?v=_zrMHFLFK2Q
2025-08-10,_zrMHFLFK2Q,40197,494,38,How to Install Cable Railing on a Deck (In-depth Tutorial),DIY PETE,2023-06-04T14:30:17Z,https://i.ytimg.com/vi/_zrMHFLFK2Q/maxresdefault.jpg,https://www.youtube.com/watch?v=_zrMHFLFK2Q
2025-08-11,_zrMHFLFK2Q,40225,494,38,How to Install Cable Railing on a Deck (In-depth Tutorial),DIY PETE,2023-06-04T14:30:17Z,https://i.ytimg.com/vi/_zrMHFLFK2Q/maxresdefault.jpg,https://www.youtube.com/watch?v=_zrMHFLFK2Q
2025-08-12,_zrMHFLFK2Q,40249,494,38,How to Install Cable Railing on a Deck (In-depth Tutorial),DIY PETE,2023-06-04T14:30:17Z,https://i.ytimg.com/vi/_zrMHFLFK2Q/maxresdefault.jpg,https://www.youtube.com/watch?v=_zrMHFLFK2Q
2025-08-13,_zrMHFLFK2Q,40271,494,38,How to Install Cable Railing on a Deck (In-depth Tutorial),DIY PETE,2023-06-04T14:30:17Z,https://i.ytimg.com/vi/_zrMHFLFK2Q/maxresdefault.jpg,https://www.youtube.com/watch?v=_zrMHFLFK2Q
2025-08-14,_zrMHFLFK2Q,40292,494,38,How to Install Cable Railing on a Deck (In-depth Tutorial),DIY PETE,2023-06-04T14:30:17Z,https://i.ytimg.com/vi/_zrMHFLFK2Q/maxresdefault.jpg,https://www.youtube.com/watch?v=_zrMHFLFK2Q
2025-08-15,_zrMHFLFK2Q,40307,494,38,How to Install Cable Railing on a Deck (In-depth Tutorial),DIY PETE,2023-06-04T14:30:17Z,https://i.ytimg.com/vi/_zrMHFLFK2Q/maxresdefault.jpg,https://www.youtube.com/watch?v=_zrMHFLFK2Q
2025-08-16,_zrMHFLFK2Q,40335,494,38,How to Install Cable Railing on a Deck (In-depth Tutorial),DIY PETE,2023-06-04T14:30:17Z,https://i.ytimg.com/vi/_zrMHFLFK2Q/maxresdefault.jpg,https://www.youtube.com/watch?v=_zrMHFLFK2Q
2025-08-17,_zrMHFLFK2Q,40358,494,38,How to Install Cable Railing on a Deck (In-depth Tutorial),DIY PETE,2023-06-04T14:30:17Z,https://i.ytimg.com/vi/_zrMHFLFK2Q/maxresdefault.jpg,https://www.youtube.com/watch?v=_zrMHFLFK2Q
2025-08-18,_zrMHFLFK2Q,40389,494,38,How to Install Cable Railing on a Deck (In-depth Tutorial),DIY PETE,2023-06-04T14:30:17Z,https://i.ytimg.com/vi/_zrMHFLFK2Q/maxresdefault.jpg,https://www.youtube.com/watch?v=_zrMHFLFK2Q
2025-08-19,_zrMHFLFK2Q,40426,494,38,How to Install Cable Railing on a Deck (In-depth Tutorial),DIY PETE,2023-06-04T14:30:17Z,https://i.ytimg.com/vi/_zrMHFLFK2Q/maxresdefault.jpg,https://www.youtube.com/watch?v=_zrMHFLFK2Q
2025-08-20,_zrMHFLFK2Q,40464,494,38,How to Install Cable Railing on a Deck (In-depth Tutorial),DIY PETE,2023-06-04T14:30:17Z,https://i.ytimg.com/vi/_zrMHFLFK2Q/maxresdefault.jpg,https://www.youtube.com/watch?v=_zrMHFLFK2Q
2025-08-21,_zrMHFLFK2Q,40499,494,38,How to Install Cable Railing on a Deck (In-depth Tutorial),DIY PETE,2023-06-04T14:30:17Z,https://i.ytimg.com/vi/_zrMHFLFK2Q/maxresdefault.jpg,https://www.youtube.com/watch?v=_zrMHFLFK2Q
2025-08-22,_zrMHFLFK2Q,40506,494,38,How to Install Cable Railing on a Deck (In-depth Tutorial),DIY PETE,2023-06-04T14:30:17Z,https://i.ytimg.com/vi/_zrMHFLFK2Q/maxresdefault.jpg,https://www.youtube.com/watch?v=_zrMHFLFK2Q
2025-08-08,fwWl-pLcOLU,10512,579,37,Installing a Muzata Cable Railing In My DREAM Backyard Beach Club!,Brad the Builder,2025-06-23T00:15:04Z,https://i.ytimg.com/vi/fwWl-pLcOLU/maxresdefault.jpg,https://www.youtube.com/watch?v=fwWl-pLcOLU
2025-08-10,fwWl-pLcOLU,10545,579,37,Installing a Muzata Cable Railing In My DREAM Backyard Beach Club!,Brad the Builder,2025-06-23T00:15:04Z,https://i.ytimg.com/vi/fwWl-pLcOLU/maxresdefault.jpg,https://www.youtube.com/watch?v=fwWl-pLcOLU
2025-08-11,fwWl-pLcOLU,10565,580,38,Installing a Muzata Cable Railing In My DREAM Backyard Beach Club!,Brad the Builder,2025-06-23T00:15:04Z,https://i.ytimg.com/vi/fwWl-pLcOLU/maxresdefault.jpg,https://www.youtube.com/watch?v=fwWl-pLcOLU
2025-08-12,fwWl-pLcOLU,10584,581,38,Installing a Muzata Cable Railing In My DREAM Backyard Beach Club!,Brad the Builder,2025-06-23T00:15:04Z,https://i.ytimg.com/vi/fwWl-pLcOLU/maxresdefault.jpg,https://www.youtube.com/watch?v=fwWl-pLcOLU
2025-08-13,fwWl-pLcOLU,10595,581,38,Installing a Muzata Cable Railing In My DREAM Backyard Beach Club!,Brad the Builder,2025-06-23T00:15:04Z,https://i.ytimg.com/vi/fwWl-pLcOLU/maxresdefault.jpg,https://www.youtube.com/watch?v=fwWl-pLcOLU
2025-08-14,fwWl-pLcOLU,10613,581,38,Installing a Muzata Cable Railing In My DREAM Backyard Beach Club!,Brad the Builder,2025-06-23T00:15:04Z,https://i.ytimg.com/vi/fwWl-pLcOLU/maxresdefault.jpg,https://www.youtube.com/watch?v=fwWl-pLcOLU
2025-08-15,fwWl-pLcOLU,10626,582,38,Installing a Muzata Cable Railing In My DREAM Backyard Beach Club!,Brad the Builder,2025-06-23T00:15:04Z,https://i.ytimg.com/vi/fwWl-pLcOLU/maxresdefault.jpg,https://www.youtube.com/watch?v=fwWl-pLcOLU
2025-08-16,fwWl-pLcOLU,10638,582,38,Installing a Muzata Cable Railing In My DREAM Backyard Beach Club!,Brad the Builder,2025-06-23T00:15:04Z,https://i.ytimg.com/vi/fwWl-pLcOLU/maxresdefault.jpg,https://www.youtube.com/watch?v=fwWl-pLcOLU
2025-08-17,fwWl-pLcOLU,10655,582,38,Installing a Muzata Cable Railing In My DREAM Backyard Beach Club!,Brad the Builder,2025-06-23T00:15:04Z,https://i.ytimg.com/vi/fwWl-pLcOLU/maxresdefault.jpg,https://www.youtube.com/watch?v=fwWl-pLcOLU
2025-08-18,fwWl-pLcOLU,10677,582,38,Installing a Muzata Cable Railing In My DREAM Backyard Beach Club!,Brad the Builder,2025-06-23T00:15:04Z,https://i.ytimg.com/vi/fwWl-pLcOLU/maxresdefault.jpg,https://www.youtube.com/watch?v=fwWl-pLcOLU
2025-08-19,fwWl-pLcOLU,10696,582,38,Installing a Muzata Cable Railing In My DREAM Backyard Beach Club!,Brad the Builder,2025-06-23T00:15:04Z,https://i.ytimg.com/vi/fwWl-pLcOLU/maxresdefault.jpg,https://www.youtube.com/watch?v=fwWl-pLcOLU
2025-08-20,fwWl-pLcOLU,10711,582,38,Installing a Muzata Cable Railing In My DREAM Backyard Beach Club!,Brad the Builder,2025-06-23T00:15:04Z,https://i.ytimg.com/vi/fwWl-pLcOLU/maxresdefault.jpg,https://www.youtube.com/watch?v=fwWl-pLcOLU
2025-08-21,fwWl-pLcOLU,10722,582,38,Installing a Muzata Cable Railing In My DREAM Backyard Beach Club!,Brad the Builder,2025-06-23T00:15:04Z,https://i.ytimg.com/vi/fwWl-pLcOLU/maxresdefault.jpg,https://www.youtube.com/watch?v=fwWl-pLcOLU
2025-08-22,fwWl-pLcOLU,10725,582,38,Installing a Muzata Cable Railing In My DREAM Backyard Beach Club!,Brad the Builder,2025-06-23T00:15:04Z,https://i.ytimg.com/vi/fwWl-pLcOLU/maxresdefault.jpg,https://www.youtube.com/watch?v=fwWl-pLcOLU
2025-08-08,jvvdbpSfWcE,117122,12920,527,Framing Our Stunning Mountain View With Wood From Our Forest (This Is Why We Built A Flat Roof),This Off Grid Life,2025-01-14T18:07:42Z,https://i.ytimg.com/vi/jvvdbpSfWcE/maxresdefault.jpg,https://www.youtube.com/watch?v=jvvdbpSfWcE
2025-08-10,jvvdbpSfWcE,117281,12926,527,Framing Our Stunning Mountain View With Wood From Our Forest (This Is Why We Built A Flat Roof),This Off Grid Life,2025-01-14T18:07:42Z,https://i.ytimg.com/vi/jvvdbpSfWcE/maxresdefault.jpg,https://www.youtube.com/watch?v=jvvdbpSfWcE
2025-08-11,jvvdbpSfWcE,117317,12926,527,Framing Our Stunning Mountain View With Wood From Our Forest (This Is Why We Built A Flat Roof),This Off Grid Life,2025-01-14T18:07:42Z,https://i.ytimg.com/vi/jvvdbpSfWcE/maxresdefault.jpg,https://www.youtube.com/watch?v=jvvdbpSfWcE
2025-08-12,jvvdbpSfWcE,117368,12929,527,Framing Our Stunning Mountain View With Wood From Our Forest (This Is Why We Built A Flat Roof),This Off Grid Life,2025-01-14T18:07:42Z,https://i.ytimg.com/vi/jvvdbpSfWcE/maxresdefault.jpg,https://www.youtube.com/watch?v=jvvdbpSfWcE
2025-08-13,jvvdbpSfWcE,117430,12930,527,Framing Our Stunning Mountain View With Wood From Our Forest (This Is Why We Built A Flat Roof),This Off Grid Life,2025-01-14T18:07:42Z,https://i.ytimg.com/vi/jvvdbpSfWcE/maxresdefault.jpg,https://www.youtube.com/watch?v=jvvdbpSfWcE
2025-08-14,jvvdbpSfWcE,117510,12933,527,Framing Our Stunning Mountain View With Wood From Our Forest (This Is Why We Built A Flat Roof),This Off Grid Life,2025-01-14T18:07:42Z,https://i.ytimg.com/vi/jvvdbpSfWcE/maxresdefault.jpg,https://www.youtube.com/watch?v=jvvdbpSfWcE
2025-08-15,jvvdbpSfWcE,117579,12940,527,Framing Our Stunning Mountain View With Wood From Our Forest (This Is Why We Built A Flat Roof),This Off Grid Life,2025-01-14T18:07:42Z,https://i.ytimg.com/vi/jvvdbpSfWcE/maxresdefault.jpg,https://www.youtube.com/watch?v=jvvdbpSfWcE
2025-08-16,jvvdbpSfWcE,117658,12943,527,Framing Our Stunning Mountain View With Wood From Our Forest (This Is Why We Built A Flat Roof),This Off Grid Life,2025-01-14T18:07:42Z,https://i.ytimg.com/vi/jvvdbpSfWcE/maxresdefault.jpg,https://www.youtube.com/watch?v=jvvdbpSfWcE
2025-08-17,jvvdbpSfWcE,117690,12943,527,Framing Our Stunning Mountain View With Wood From Our Forest (This Is Why We Built A Flat Roof),This Off Grid Life,2025-01-14T18:07:42Z,https://i.ytimg.com/vi/jvvdbpSfWcE/maxresdefault.jpg,https://www.youtube.com/watch?v=jvvdbpSfWcE
2025-08-18,jvvdbpSfWcE,117759,12947,527,Framing Our Stunning Mountain View With Wood From Our Forest (This Is Why We Built A Flat Roof),This Off Grid Life,2025-01-14T18:07:42Z,https://i.ytimg.com/vi/jvvdbpSfWcE/maxresdefault.jpg,https://www.youtube.com/watch?v=jvvdbpSfWcE
2025-08-19,jvvdbpSfWcE,117857,12951,527,Framing Our Stunning Mountain View With Wood From Our Forest (This Is Why We Built A Flat Roof),This Off Grid Life,2025-01-14T18:07:42Z,https://i.ytimg.com/vi/jvvdbpSfWcE/maxresdefault.jpg,https://www.youtube.com/watch?v=jvvdbpSfWcE
2025-08-20,jvvdbpSfWcE,117907,12954,527,Framing Our Stunning Mountain View With Wood From Our Forest (This Is Why We Built A Flat Roof),This Off Grid Life,2025-01-14T18:07:42Z,https://i.ytimg.com/vi/jvvdbpSfWcE/maxresdefault.jpg,https://www.youtube.com/watch?v=jvvdbpSfWcE
2025-08-21,jvvdbpSfWcE,117995,12957,527,Framing Our Stunning Mountain View With Wood From Our Forest (This Is Why We Built A Flat Roof),This Off Grid Life,2025-01-14T18:07:42Z,https://i.ytimg.com/vi/jvvdbpSfWcE/maxresdefault.jpg,https://www.youtube.com/watch?v=jvvdbpSfWcE
2025-08-22,jvvdbpSfWcE,118005,12957,527,Framing Our Stunning Mountain View With Wood From Our Forest (This Is Why We Built A Flat Roof),This Off Grid Life,2025-01-14T18:07:42Z,https://i.ytimg.com/vi/jvvdbpSfWcE/maxresdefault.jpg,https://www.youtube.com/watch?v=jvvdbpSfWcE
2025-08-08,kGMKIoZvM1A,25528,2890,225,FAILED HOME INSPECTION....BROKEN GENERATOR.. $&%#!,Life Elevated Off Grid,2025-02-27T15:30:30Z,https://i.ytimg.com/vi/kGMKIoZvM1A/maxresdefault.jpg,https://www.youtube.com/watch?v=kGMKIoZvM1A
2025-08-10,kGMKIoZvM1A,25589,2892,226,FAILED HOME INSPECTION....BROKEN GENERATOR.. $&%#!,Life Elevated Off Grid,2025-02-27T15:30:30Z,https://i.ytimg.com/vi/kGMKIoZvM1A/maxresdefault.jpg,https://www.youtube.com/watch?v=kGMKIoZvM1A
2025-08-11,kGMKIoZvM1A,25613,2893,226,FAILED HOME INSPECTION....BROKEN GENERATOR.. $&%#!,Life Elevated Off Grid,2025-02-27T15:30:30Z,https://i.ytimg.com/vi/kGMKIoZvM1A/maxresdefault.jpg,https://www.youtube.com/watch?v=kGMKIoZvM1A
2025-08-12,kGMKIoZvM1A,25633,2892,226,FAILED HOME INSPECTION....BROKEN GENERATOR.. $&%#!,Life Elevated Off Grid,2025-02-27T15:30:30Z,https://i.ytimg.com/vi/kGMKIoZvM1A/maxresdefault.jpg,https://www.youtube.com/watch?v=kGMKIoZvM1A
2025-08-13,kGMKIoZvM1A,25656,2891,226,FAILED HOME INSPECTION....BROKEN GENERATOR.. $&%#!,Life Elevated Off Grid,2025-02-27T15:30:30Z,https://i.ytimg.com/vi/kGMKIoZvM1A/maxresdefault.jpg,https://www.youtube.com/watch?v=kGMKIoZvM1A
2025-08-14,kGMKIoZvM1A,25689,2891,226,FAILED HOME INSPECTION....BROKEN GENERATOR.. $&%#!,Life Elevated Off Grid,2025-02-27T15:30:30Z,https://i.ytimg.com/vi/kGMKIoZvM1A/maxresdefault.jpg,https://www.youtube.com/watch?v=kGMKIoZvM1A
2025-08-15,kGMKIoZvM1A,25704,2891,226,FAILED HOME INSPECTION....BROKEN GENERATOR.. $&%#!,Life Elevated Off Grid,2025-02-27T15:30:30Z,https://i.ytimg.com/vi/kGMKIoZvM1A/maxresdefault.jpg,https://www.youtube.com/watch?v=kGMKIoZvM1A
2025-08-16,kGMKIoZvM1A,25721,2891,226,FAILED HOME INSPECTION....BROKEN GENERATOR.. $&%#!,Life Elevated Off Grid,2025-02-27T15:30:30Z,https://i.ytimg.com/vi/kGMKIoZvM1A/maxresdefault.jpg,https://www.youtube.com/watch?v=kGMKIoZvM1A
2025-08-17,kGMKIoZvM1A,25744,2891,226,FAILED HOME INSPECTION....BROKEN GENERATOR.. $&%#!,Life Elevated Off Grid,2025-02-27T15:30:30Z,https://i.ytimg.com/vi/kGMKIoZvM1A/maxresdefault.jpg,https://www.youtube.com/watch?v=kGMKIoZvM1A
2025-08-18,kGMKIoZvM1A,25774,2892,227,FAILED HOME INSPECTION....BROKEN GENERATOR.. $&%#!,Life Elevated Off Grid,2025-02-27T15:30:30Z,https://i.ytimg.com/vi/kGMKIoZvM1A/maxresdefault.jpg,https://www.youtube.com/watch?v=kGMKIoZvM1A
2025-08-19,kGMKIoZvM1A,25803,2893,227,FAILED HOME INSPECTION....BROKEN GENERATOR.. $&%#!,Life Elevated Off Grid,2025-02-27T15:30:30Z,https://i.ytimg.com/vi/kGMKIoZvM1A/maxresdefault.jpg,https://www.youtube.com/watch?v=kGMKIoZvM1A
2025-08-20,kGMKIoZvM1A,25824,2893,227,FAILED HOME INSPECTION....BROKEN GENERATOR.. $&%#!,Life Elevated Off Grid,2025-02-27T15:30:30Z,https://i.ytimg.com/vi/kGMKIoZvM1A/maxresdefault.jpg,https://www.youtube.com/watch?v=kGMKIoZvM1A
2025-08-21,kGMKIoZvM1A,25859,2893,228,FAILED HOME INSPECTION....BROKEN GENERATOR.. $&%#!,Life Elevated Off Grid,2025-02-27T15:30:30Z,https://i.ytimg.com/vi/kGMKIoZvM1A/maxresdefault.jpg,https://www.youtube.com/watch?v=kGMKIoZvM1A
2025-08-22,kGMKIoZvM1A,25865,2894,228,FAILED HOME INSPECTION....BROKEN GENERATOR.. $&%#!,Life Elevated Off Grid,2025-02-27T15:30:30Z,https://i.ytimg.com/vi/kGMKIoZvM1A/maxresdefault.jpg,https://www.youtube.com/watch?v=kGMKIoZvM1A
2025-08-12,nsF7zseOS9c,804,38,4,"How to Build a Treehouse With or Without the Tree: Part One- Frame, Deck, Stairs, and More",Six Eight Woodworks,2025-08-11T19:33:22Z,https://i.ytimg.com/vi/nsF7zseOS9c/maxresdefault.jpg,https://www.youtube.com/watch?v=nsF7zseOS9c
2025-08-13,nsF7zseOS9c,950,44,4,"How to Build a Treehouse With or Without the Tree: Part One- Frame, Deck, Stairs, and More",Six Eight Woodworks,2025-08-11T19:33:22Z,https://i.ytimg.com/vi/nsF7zseOS9c/maxresdefault.jpg,https://www.youtube.com/watch?v=nsF7zseOS9c
2025-08-14,nsF7zseOS9c,1019,47,4,"How to Build a Treehouse With or Without the Tree: Part One- Frame, Deck, Stairs, and More",Six Eight Woodworks,2025-08-11T19:33:22Z,https://i.ytimg.com/vi/nsF7zseOS9c/maxresdefault.jpg,https://www.youtube.com/watch?v=nsF7zseOS9c
2025-08-15,nsF7zseOS9c,1064,48,4,"How to Build a Treehouse With or Without the Tree: Part One- Frame, Deck, Stairs, and More",Six Eight Woodworks,2025-08-11T19:33:22Z,https://i.ytimg.com/vi/nsF7zseOS9c/maxresdefault.jpg,https://www.youtube.com/watch?v=nsF7zseOS9c
2025-08-16,nsF7zseOS9c,1150,49,4,"How to Build a Treehouse With or Without the Tree: Part One- Frame, Deck, Stairs, and More",Six Eight Woodworks,2025-08-11T19:33:22Z,https://i.ytimg.com/vi/nsF7zseOS9c/maxresdefault.jpg,https://www.youtube.com/watch?v=nsF7zseOS9c
2025-08-17,nsF7zseOS9c,1229,51,4,"How to Build a Treehouse With or Without the Tree: Part One- Frame, Deck, Stairs, and More",Six Eight Woodworks,2025-08-11T19:33:22Z,https://i.ytimg.com/vi/nsF7zseOS9c/maxresdefault.jpg,https://www.youtube.com/watch?v=nsF7zseOS9c
2025-08-18,nsF7zseOS9c,1284,53,4,"How to Build a Treehouse With or Without the Tree: Part One- Frame, Deck, Stairs, and More",Six Eight Woodworks,2025-08-11T19:33:22Z,https://i.ytimg.com/vi/nsF7zseOS9c/maxresdefault.jpg,https://www.youtube.com/watch?v=nsF7zseOS9c
2025-08-19,nsF7zseOS9c,1312,53,4,"How to Build a Treehouse With or Without the Tree: Part One- Frame, Deck, Stairs, and More",Six Eight Woodworks,2025-08-11T19:33:22Z,https://i.ytimg.com/vi/nsF7zseOS9c/maxresdefault.jpg,https://www.youtube.com/watch?v=nsF7zseOS9c
2025-08-20,nsF7zseOS9c,1334,53,4,"How to Build a Treehouse With or Without the Tree: Part One- Frame, Deck, Stairs, and More",Six Eight Woodworks,2025-08-11T19:33:22Z,https://i.ytimg.com/vi/nsF7zseOS9c/maxresdefault.jpg,https://www.youtube.com/watch?v=nsF7zseOS9c
2025-08-21,nsF7zseOS9c,1351,54,4,"How to Build a Treehouse With or Without the Tree: Part One- Frame, Deck, Stairs, and More",Six Eight Woodworks,2025-08-11T19:33:22Z,https://i.ytimg.com/vi/nsF7zseOS9c/maxresdefault.jpg,https://www.youtube.com/watch?v=nsF7zseOS9c
2025-08-22,nsF7zseOS9c,1352,54,4,"How to Build a Treehouse With or Without the Tree: Part One- Frame, Deck, Stairs, and More",Six Eight Woodworks,2025-08-11T19:33:22Z,https://i.ytimg.com/vi/nsF7zseOS9c/maxresdefault.jpg,https://www.youtube.com/watch?v=nsF7zseOS9c
2025-08-08,oGcYfoV0VKs,15960,1615,124,Mountain Cabin get SAFETY UPGRADE - Offgrid Cabin Build,Woodness Goodness,2025-07-19T13:01:00Z,https://i.ytimg.com/vi/oGcYfoV0VKs/maxresdefault.jpg,https://www.youtube.com/watch?v=oGcYfoV0VKs
2025-08-10,oGcYfoV0VKs,16032,1617,124,Mountain Cabin get SAFETY UPGRADE - Offgrid Cabin Build,Woodness Goodness,2025-07-19T13:01:00Z,https://i.ytimg.com/vi/oGcYfoV0VKs/maxresdefault.jpg,https://www.youtube.com/watch?v=oGcYfoV0VKs
2025-08-11,oGcYfoV0VKs,16046,1619,124,Mountain Cabin get SAFETY UPGRADE - Offgrid Cabin Build,Woodness Goodness,2025-07-19T13:01:00Z,https://i.ytimg.com/vi/oGcYfoV0VKs/maxresdefault.jpg,https://www.youtube.com/watch?v=oGcYfoV0VKs
2025-08-12,oGcYfoV0VKs,16063,1621,124,Mountain Cabin get SAFETY UPGRADE - Offgrid Cabin Build,Woodness Goodness,2025-07-19T13:01:00Z,https://i.ytimg.com/vi/oGcYfoV0VKs/maxresdefault.jpg,https://www.youtube.com/watch?v=oGcYfoV0VKs
2025-08-13,oGcYfoV0VKs,16076,1621,124,Mountain Cabin get SAFETY UPGRADE - Offgrid Cabin Build,Woodness Goodness,2025-07-19T13:01:00Z,https://i.ytimg.com/vi/oGcYfoV0VKs/maxresdefault.jpg,https://www.youtube.com/watch?v=oGcYfoV0VKs
2025-08-14,oGcYfoV0VKs,16084,1622,124,Mountain Cabin get SAFETY UPGRADE - Offgrid Cabin Build,Woodness Goodness,2025-07-19T13:01:00Z,https://i.ytimg.com/vi/oGcYfoV0VKs/maxresdefault.jpg,https://www.youtube.com/watch?v=oGcYfoV0VKs
2025-08-15,oGcYfoV0VKs,16120,1622,124,Mountain Cabin get SAFETY UPGRADE - Offgrid Cabin Build,Woodness Goodness,2025-07-19T13:01:00Z,https://i.ytimg.com/vi/oGcYfoV0VKs/maxresdefault.jpg,https://www.youtube.com/watch?v=oGcYfoV0VKs
2025-08-16,oGcYfoV0VKs,16157,1625,124,Mountain Cabin get SAFETY UPGRADE - Offgrid Cabin Build,Woodness Goodness,2025-07-19T13:01:00Z,https://i.ytimg.com/vi/oGcYfoV0VKs/maxresdefault.jpg,https://www.youtube.com/watch?v=oGcYfoV0VKs
2025-08-17,oGcYfoV0VKs,16174,1627,124,Mountain Cabin get SAFETY UPGRADE - Offgrid Cabin Build,Woodness Goodness,2025-07-19T13:01:00Z,https://i.ytimg.com/vi/oGcYfoV0VKs/maxresdefault.jpg,https://www.youtube.com/watch?v=oGcYfoV0VKs
2025-08-18,oGcYfoV0VKs,16196,1627,124,Mountain Cabin get SAFETY UPGRADE - Offgrid Cabin Build,Woodness Goodness,2025-07-19T13:01:00Z,https://i.ytimg.com/vi/oGcYfoV0VKs/maxresdefault.jpg,https://www.youtube.com/watch?v=oGcYfoV0VKs
2025-08-19,oGcYfoV0VKs,16206,1627,124,Mountain Cabin get SAFETY UPGRADE - Offgrid Cabin Build,Woodness Goodness,2025-07-19T13:01:00Z,https://i.ytimg.com/vi/oGcYfoV0VKs/maxresdefault.jpg,https://www.youtube.com/watch?v=oGcYfoV0VKs
2025-08-20,oGcYfoV0VKs,16214,1627,124,Mountain Cabin get SAFETY UPGRADE - Offgrid Cabin Build,Woodness Goodness,2025-07-19T13:01:00Z,https://i.ytimg.com/vi/oGcYfoV0VKs/maxresdefault.jpg,https://www.youtube.com/watch?v=oGcYfoV0VKs
2025-08-21,oGcYfoV0VKs,16224,1628,124,Mountain Cabin get SAFETY UPGRADE - Offgrid Cabin Build,Woodness Goodness,2025-07-19T13:01:00Z,https://i.ytimg.com/vi/oGcYfoV0VKs/maxresdefault.jpg,https://www.youtube.com/watch?v=oGcYfoV0VKs
2025-08-22,oGcYfoV0VKs,16225,1629,124,Mountain Cabin get SAFETY UPGRADE - Offgrid Cabin Build,Woodness Goodness,2025-07-19T13:01:00Z,https://i.ytimg.com/vi/oGcYfoV0VKs/maxresdefault.jpg,https://www.youtube.com/watch?v=oGcYfoV0VKs
2025-08-08,qigDBHEuDWk,7340,85,17,DIY Muzata Black Cable Railing Install | Our Modern Deck Build,Building Modern,2025-03-29T12:01:12Z,https://i.ytimg.com/vi/qigDBHEuDWk/maxresdefault.jpg,https://www.youtube.com/watch?v=qigDBHEuDWk
2025-08-10,qigDBHEuDWk,7476,85,18,DIY Muzata Black Cable Railing Install | Our Modern Deck Build,Building Modern,2025-03-29T12:01:12Z,https://i.ytimg.com/vi/qigDBHEuDWk/maxresdefault.jpg,https://www.youtube.com/watch?v=qigDBHEuDWk
2025-08-11,qigDBHEuDWk,7534,86,18,DIY Muzata Black Cable Railing Install | Our Modern Deck Build,Building Modern,2025-03-29T12:01:12Z,https://i.ytimg.com/vi/qigDBHEuDWk/maxresdefault.jpg,https://www.youtube.com/watch?v=qigDBHEuDWk
2025-08-12,qigDBHEuDWk,7586,87,18,DIY Muzata Black Cable Railing Install | Our Modern Deck Build,Building Modern,2025-03-29T12:01:12Z,https://i.ytimg.com/vi/qigDBHEuDWk/maxresdefault.jpg,https://www.youtube.com/watch?v=qigDBHEuDWk
2025-08-13,qigDBHEuDWk,7643,87,18,DIY Muzata Black Cable Railing Install | Our Modern Deck Build,Building Modern,2025-03-29T12:01:12Z,https://i.ytimg.com/vi/qigDBHEuDWk/maxresdefault.jpg,https://www.youtube.com/watch?v=qigDBHEuDWk
2025-08-14,qigDBHEuDWk,7702,88,18,DIY Muzata Black Cable Railing Install | Our Modern Deck Build,Building Modern,2025-03-29T12:01:12Z,https://i.ytimg.com/vi/qigDBHEuDWk/maxresdefault.jpg,https://www.youtube.com/watch?v=qigDBHEuDWk
2025-08-15,qigDBHEuDWk,7750,89,18,DIY Muzata Black Cable Railing Install | Our Modern Deck Build,Building Modern,2025-03-29T12:01:12Z,https://i.ytimg.com/vi/qigDBHEuDWk/maxresdefault.jpg,https://www.youtube.com/watch?v=qigDBHEuDWk
2025-08-16,qigDBHEuDWk,7812,89,18,DIY Muzata Black Cable Railing Install | Our Modern Deck Build,Building Modern,2025-03-29T12:01:12Z,https://i.ytimg.com/vi/qigDBHEuDWk/maxresdefault.jpg,https://www.youtube.com/watch?v=qigDBHEuDWk
2025-08-17,qigDBHEuDWk,7896,89,18,DIY Muzata Black Cable Railing Install | Our Modern Deck Build,Building Modern,2025-03-29T12:01:12Z,https://i.ytimg.com/vi/qigDBHEuDWk/maxresdefault.jpg,https://www.youtube.com/watch?v=qigDBHEuDWk
2025-08-18,qigDBHEuDWk,7953,90,18,DIY Muzata Black Cable Railing Install | Our Modern Deck Build,Building Modern,2025-03-29T12:01:12Z,https://i.ytimg.com/vi/qigDBHEuDWk/maxresdefault.jpg,https://www.youtube.com/watch?v=qigDBHEuDWk
2025-08-19,qigDBHEuDWk,8029,90,18,DIY Muzata Black Cable Railing Install | Our Modern Deck Build,Building Modern,2025-03-29T12:01:12Z,https://i.ytimg.com/vi/qigDBHEuDWk/maxresdefault.jpg,https://www.youtube.com/watch?v=qigDBHEuDWk
2025-08-20,qigDBHEuDWk,8094,90,18,DIY Muzata Black Cable Railing Install | Our Modern Deck Build,Building Modern,2025-03-29T12:01:12Z,https://i.ytimg.com/vi/qigDBHEuDWk/maxresdefault.jpg,https://www.youtube.com/watch?v=qigDBHEuDWk
2025-08-21,qigDBHEuDWk,8171,91,19,DIY Muzata Black Cable Railing Install | Our Modern Deck Build,Building Modern,2025-03-29T12:01:12Z,https://i.ytimg.com/vi/qigDBHEuDWk/maxresdefault.jpg,https://www.youtube.com/watch?v=qigDBHEuDWk
2025-08-22,qigDBHEuDWk,8177,91,19,DIY Muzata Black Cable Railing Install | Our Modern Deck Build,Building Modern,2025-03-29T12:01:12Z,https://i.ytimg.com/vi/qigDBHEuDWk/maxresdefault.jpg,https://www.youtube.com/watch?v=qigDBHEuDWk
2025-08-08,rBRJ3C2k3_Q,10706,937,68,Installing Muzata Cable Railing on Our Deck,ShedHappens ,2024-12-27T23:00:42Z,https://i.ytimg.com/vi/rBRJ3C2k3_Q/maxresdefault.jpg,https://www.youtube.com/watch?v=rBRJ3C2k3_Q
2025-08-10,rBRJ3C2k3_Q,10715,936,68,Installing Muzata Cable Railing on Our Deck,ShedHappens ,2024-12-27T23:00:42Z,https://i.ytimg.com/vi/rBRJ3C2k3_Q/maxresdefault.jpg,https://www.youtube.com/watch?v=rBRJ3C2k3_Q
2025-08-11,rBRJ3C2k3_Q,10718,936,68,Installing Muzata Cable Railing on Our Deck,ShedHappens ,2024-12-27T23:00:42Z,https://i.ytimg.com/vi/rBRJ3C2k3_Q/maxresdefault.jpg,https://www.youtube.com/watch?v=rBRJ3C2k3_Q
2025-08-12,rBRJ3C2k3_Q,10720,936,68,Installing Muzata Cable Railing on Our Deck,ShedHappens ,2024-12-27T23:00:42Z,https://i.ytimg.com/vi/rBRJ3C2k3_Q/maxresdefault.jpg,https://www.youtube.com/watch?v=rBRJ3C2k3_Q
2025-08-13,rBRJ3C2k3_Q,10723,936,68,Installing Muzata Cable Railing on Our Deck,ShedHappens ,2024-12-27T23:00:42Z,https://i.ytimg.com/vi/rBRJ3C2k3_Q/maxresdefault.jpg,https://www.youtube.com/watch?v=rBRJ3C2k3_Q
2025-08-14,rBRJ3C2k3_Q,10726,936,68,Installing Muzata Cable Railing on Our Deck,ShedHappens ,2024-12-27T23:00:42Z,https://i.ytimg.com/vi/rBRJ3C2k3_Q/maxresdefault.jpg,https://www.youtube.com/watch?v=rBRJ3C2k3_Q
2025-08-15,rBRJ3C2k3_Q,10731,936,68,Installing Muzata Cable Railing on Our Deck,ShedHappens ,2024-12-27T23:00:42Z,https://i.ytimg.com/vi/rBRJ3C2k3_Q/maxresdefault.jpg,https://www.youtube.com/watch?v=rBRJ3C2k3_Q
2025-08-16,rBRJ3C2k3_Q,10736,936,68,Installing Muzata Cable Railing on Our Deck,ShedHappens ,2024-12-27T23:00:42Z,https://i.ytimg.com/vi/rBRJ3C2k3_Q/maxresdefault.jpg,https://www.youtube.com/watch?v=rBRJ3C2k3_Q
2025-08-17,rBRJ3C2k3_Q,10739,936,68,Installing Muzata Cable Railing on Our Deck,ShedHappens ,2024-12-27T23:00:42Z,https://i.ytimg.com/vi/rBRJ3C2k3_Q/maxresdefault.jpg,https://www.youtube.com/watch?v=rBRJ3C2k3_Q
2025-08-18,rBRJ3C2k3_Q,10741,936,68,Installing Muzata Cable Railing on Our Deck,ShedHappens ,2024-12-27T23:00:42Z,https://i.ytimg.com/vi/rBRJ3C2k3_Q/maxresdefault.jpg,https://www.youtube.com/watch?v=rBRJ3C2k3_Q
2025-08-19,rBRJ3C2k3_Q,10745,936,68,Installing Muzata Cable Railing on Our Deck,ShedHappens ,2024-12-27T23:00:42Z,https://i.ytimg.com/vi/rBRJ3C2k3_Q/maxresdefault.jpg,https://www.youtube.com/watch?v=rBRJ3C2k3_Q
2025-08-20,rBRJ3C2k3_Q,10753,936,68,Installing Muzata Cable Railing on Our Deck,ShedHappens ,2024-12-27T23:00:42Z,https://i.ytimg.com/vi/rBRJ3C2k3_Q/maxresdefault.jpg,https://www.youtube.com/watch?v=rBRJ3C2k3_Q
2025-08-21,rBRJ3C2k3_Q,10755,936,68,Installing Muzata Cable Railing on Our Deck,ShedHappens ,2024-12-27T23:00:42Z,https://i.ytimg.com/vi/rBRJ3C2k3_Q/maxresdefault.jpg,https://www.youtube.com/watch?v=rBRJ3C2k3_Q
2025-08-22,rBRJ3C2k3_Q,10757,936,68,Installing Muzata Cable Railing on Our Deck,ShedHappens ,2024-12-27T23:00:42Z,https://i.ytimg.com/vi/rBRJ3C2k3_Q/maxresdefault.jpg,https://www.youtube.com/watch?v=rBRJ3C2k3_Q
2025-08-08,sqs5NuoXyGI,29173,2086,55,THIS IS EVERYTHING WE DREAMED // Transforming our Deck,One Foot Off the Grid,2024-06-02T16:30:14Z,https://i.ytimg.com/vi/sqs5NuoXyGI/maxresdefault.jpg,https://www.youtube.com/watch?v=sqs5NuoXyGI
2025-08-10,sqs5NuoXyGI,29175,2086,55,THIS IS EVERYTHING WE DREAMED // Transforming our Deck,One Foot Off the Grid,2024-06-02T16:30:14Z,https://i.ytimg.com/vi/sqs5NuoXyGI/maxresdefault.jpg,https://www.youtube.com/watch?v=sqs5NuoXyGI
2025-08-11,sqs5NuoXyGI,29179,2086,55,THIS IS EVERYTHING WE DREAMED // Transforming our Deck,One Foot Off the Grid,2024-06-02T16:30:14Z,https://i.ytimg.com/vi/sqs5NuoXyGI/maxresdefault.jpg,https://www.youtube.com/watch?v=sqs5NuoXyGI
2025-08-12,sqs5NuoXyGI,29181,2086,55,THIS IS EVERYTHING WE DREAMED // Transforming our Deck,One Foot Off the Grid,2024-06-02T16:30:14Z,https://i.ytimg.com/vi/sqs5NuoXyGI/maxresdefault.jpg,https://www.youtube.com/watch?v=sqs5NuoXyGI
2025-08-13,sqs5NuoXyGI,29184,2085,55,THIS IS EVERYTHING WE DREAMED // Transforming our Deck,One Foot Off the Grid,2024-06-02T16:30:14Z,https://i.ytimg.com/vi/sqs5NuoXyGI/maxresdefault.jpg,https://www.youtube.com/watch?v=sqs5NuoXyGI
2025-08-14,sqs5NuoXyGI,29186,2085,55,THIS IS EVERYTHING WE DREAMED // Transforming our Deck,One Foot Off the Grid,2024-06-02T16:30:14Z,https://i.ytimg.com/vi/sqs5NuoXyGI/maxresdefault.jpg,https://www.youtube.com/watch?v=sqs5NuoXyGI
2025-08-15,sqs5NuoXyGI,29188,2085,55,THIS IS EVERYTHING WE DREAMED // Transforming our Deck,One Foot Off the Grid,2024-06-02T16:30:14Z,https://i.ytimg.com/vi/sqs5NuoXyGI/maxresdefault.jpg,https://www.youtube.com/watch?v=sqs5NuoXyGI
2025-08-16,sqs5NuoXyGI,29189,2085,55,THIS IS EVERYTHING WE DREAMED // Transforming our Deck,One Foot Off the Grid,2024-06-02T16:30:14Z,https://i.ytimg.com/vi/sqs5NuoXyGI/maxresdefault.jpg,https://www.youtube.com/watch?v=sqs5NuoXyGI
2025-08-17,sqs5NuoXyGI,29193,2085,55,THIS IS EVERYTHING WE DREAMED // Transforming our Deck,One Foot Off the Grid,2024-06-02T16:30:14Z,https://i.ytimg.com/vi/sqs5NuoXyGI/maxresdefault.jpg,https://www.youtube.com/watch?v=sqs5NuoXyGI
2025-08-18,sqs5NuoXyGI,29193,2085,55,THIS IS EVERYTHING WE DREAMED // Transforming our Deck,One Foot Off the Grid,2024-06-02T16:30:14Z,https://i.ytimg.com/vi/sqs5NuoXyGI/maxresdefault.jpg,https://www.youtube.com/watch?v=sqs5NuoXyGI
2025-08-19,sqs5NuoXyGI,29194,2085,55,THIS IS EVERYTHING WE DREAMED // Transforming our Deck,One Foot Off the Grid,2024-06-02T16:30:14Z,https://i.ytimg.com/vi/sqs5NuoXyGI/maxresdefault.jpg,https://www.youtube.com/watch?v=sqs5NuoXyGI
2025-08-20,sqs5NuoXyGI,29196,2085,55,THIS IS EVERYTHING WE DREAMED // Transforming our Deck,One Foot Off the Grid,2024-06-02T16:30:14Z,https://i.ytimg.com/vi/sqs5NuoXyGI/maxresdefault.jpg,https://www.youtube.com/watch?v=sqs5NuoXyGI
2025-08-21,sqs5NuoXyGI,29198,2086,55,THIS IS EVERYTHING WE DREAMED // Transforming our Deck,One Foot Off the Grid,2024-06-02T16:30:14Z,https://i.ytimg.com/vi/sqs5NuoXyGI/maxresdefault.jpg,https://www.youtube.com/watch?v=sqs5NuoXyGI
2025-08-22,sqs5NuoXyGI,29198,2086,55,THIS IS EVERYTHING WE DREAMED // Transforming our Deck,One Foot Off the Grid,2024-06-02T16:30:14Z,https://i.ytimg.com/vi/sqs5NuoXyGI/maxresdefault.jpg,https://www.youtube.com/watch?v=sqs5NuoXyGI
2025-08-08,xmIu1tvmh00,19572,1664,116,Muzata Cable Railing DIY Install! MAJOR Deck Update ,Keeping Afloat with the Joneses,2025-03-17T20:00:37Z,https://i.ytimg.com/vi/xmIu1tvmh00/maxresdefault.jpg,https://www.youtube.com/watch?v=xmIu1tvmh00
2025-08-10,xmIu1tvmh00,19680,1665,116,Muzata Cable Railing DIY Install! MAJOR Deck Update ,Keeping Afloat with the Joneses,2025-03-17T20:00:37Z,https://i.ytimg.com/vi/xmIu1tvmh00/maxresdefault.jpg,https://www.youtube.com/watch?v=xmIu1tvmh00
2025-08-11,xmIu1tvmh00,19710,1666,116,Muzata Cable Railing DIY Install! MAJOR Deck Update ,Keeping Afloat with the Joneses,2025-03-17T20:00:37Z,https://i.ytimg.com/vi/xmIu1tvmh00/maxresdefault.jpg,https://www.youtube.com/watch?v=xmIu1tvmh00
2025-08-12,xmIu1tvmh00,19763,1666,116,Muzata Cable Railing DIY Install! MAJOR Deck Update ,Keeping Afloat with the Joneses,2025-03-17T20:00:37Z,https://i.ytimg.com/vi/xmIu1tvmh00/maxresdefault.jpg,https://www.youtube.com/watch?v=xmIu1tvmh00
2025-08-13,xmIu1tvmh00,19807,1666,116,Muzata Cable Railing DIY Install! MAJOR Deck Update ,Keeping Afloat with the Joneses,2025-03-17T20:00:37Z,https://i.ytimg.com/vi/xmIu1tvmh00/maxresdefault.jpg,https://www.youtube.com/watch?v=xmIu1tvmh00
2025-08-14,xmIu1tvmh00,19840,1666,116,Muzata Cable Railing DIY Install! MAJOR Deck Update ,Keeping Afloat with the Joneses,2025-03-17T20:00:37Z,https://i.ytimg.com/vi/xmIu1tvmh00/maxresdefault.jpg,https://www.youtube.com/watch?v=xmIu1tvmh00
2025-08-15,xmIu1tvmh00,19885,1666,116,Muzata Cable Railing DIY Install! MAJOR Deck Update ,Keeping Afloat with the Joneses,2025-03-17T20:00:37Z,https://i.ytimg.com/vi/xmIu1tvmh00/maxresdefault.jpg,https://www.youtube.com/watch?v=xmIu1tvmh00
2025-08-16,xmIu1tvmh00,19922,1666,116,Muzata Cable Railing DIY Install! MAJOR Deck Update ,Keeping Afloat with the Joneses,2025-03-17T20:00:37Z,https://i.ytimg.com/vi/xmIu1tvmh00/maxresdefault.jpg,https://www.youtube.com/watch?v=xmIu1tvmh00
2025-08-17,xmIu1tvmh00,19967,1666,116,Muzata Cable Railing DIY Install! MAJOR Deck Update ,Keeping Afloat with the Joneses,2025-03-17T20:00:37Z,https://i.ytimg.com/vi/xmIu1tvmh00/maxresdefault.jpg,https://www.youtube.com/watch?v=xmIu1tvmh00
2025-08-18,xmIu1tvmh00,20007,1666,116,Muzata Cable Railing DIY Install! MAJOR Deck Update ,Keeping Afloat with the Joneses,2025-03-17T20:00:37Z,https://i.ytimg.com/vi/xmIu1tvmh00/maxresdefault.jpg,https://www.youtube.com/watch?v=xmIu1tvmh00
2025-08-19,xmIu1tvmh00,20038,1666,116,Muzata Cable Railing DIY Install! MAJOR Deck Update ,Keeping Afloat with the Joneses,2025-03-17T20:00:37Z,https://i.ytimg.com/vi/xmIu1tvmh00/maxresdefault.jpg,https://www.youtube.com/watch?v=xmIu1tvmh00
2025-08-20,xmIu1tvmh00,20062,1666,116,Muzata Cable Railing DIY Install! MAJOR Deck Update ,Keeping Afloat with the Joneses,2025-03-17T20:00:37Z,https://i.ytimg.com/vi/xmIu1tvmh00/maxresdefault.jpg,https://www.youtube.com/watch?v=xmIu1tvmh00
2025-08-21,xmIu1tvmh00,20091,1666,116,Muzata Cable Railing DIY Install! MAJOR Deck Update ,Keeping Afloat with the Joneses,2025-03-17T20:00:37Z,https://i.ytimg.com/vi/xmIu1tvmh00/maxresdefault.jpg,https://www.youtube.com/watch?v=xmIu1tvmh00
2025-08-22,xmIu1tvmh00,20094,1666,116,Muzata Cable Railing DIY Install! MAJOR Deck Update ,Keeping Afloat with the Joneses,2025-03-17T20:00:37Z,https://i.ytimg.com/vi/xmIu1tvmh00/maxresdefault.jpg,https://www.youtube.com/watch?v=xmIu1tvmh00
2025-08-08,zN72W_DtGcU,210,10,8,DIY MUZATA  CABLE  RAILING  INSTALL with WOOD POSTS !,The Handyman Channel,2025-08-01T17:01:01Z,https://i.ytimg.com/vi/zN72W_DtGcU/maxresdefault.jpg,https://www.youtube.com/watch?v=zN72W_DtGcU
2025-08-10,zN72W_DtGcU,237,10,8,DIY MUZATA  CABLE  RAILING  INSTALL with WOOD POSTS !,The Handyman Channel,2025-08-01T17:01:01Z,https://i.ytimg.com/vi/zN72W_DtGcU/maxresdefault.jpg,https://www.youtube.com/watch?v=zN72W_DtGcU
2025-08-11,zN72W_DtGcU,245,10,8,DIY MUZATA  CABLE  RAILING  INSTALL with WOOD POSTS !,The Handyman Channel,2025-08-01T17:01:01Z,https://i.ytimg.com/vi/zN72W_DtGcU/maxresdefault.jpg,https://www.youtube.com/watch?v=zN72W_DtGcU
2025-08-12,zN72W_DtGcU,258,10,8,DIY MUZATA  CABLE  RAILING  INSTALL with WOOD POSTS !,The Handyman Channel,2025-08-01T17:01:01Z,https://i.ytimg.com/vi/zN72W_DtGcU/maxresdefault.jpg,https://www.youtube.com/watch?v=zN72W_DtGcU
2025-08-13,zN72W_DtGcU,267,10,8,DIY MUZATA  CABLE  RAILING  INSTALL with WOOD POSTS !,The Handyman Channel,2025-08-01T17:01:01Z,https://i.ytimg.com/vi/zN72W_DtGcU/maxresdefault.jpg,https://www.youtube.com/watch?v=zN72W_DtGcU
2025-08-14,zN72W_DtGcU,278,10,8,DIY MUZATA  CABLE  RAILING  INSTALL with WOOD POSTS !,The Handyman Channel,2025-08-01T17:01:01Z,https://i.ytimg.com/vi/zN72W_DtGcU/maxresdefault.jpg,https://www.youtube.com/watch?v=zN72W_DtGcU
2025-08-15,zN72W_DtGcU,290,11,9,DIY MUZATA  CABLE  RAILING  INSTALL with WOOD POSTS !,The Handyman Channel,2025-08-01T17:01:01Z,https://i.ytimg.com/vi/zN72W_DtGcU/maxresdefault.jpg,https://www.youtube.com/watch?v=zN72W_DtGcU
2025-08-16,zN72W_DtGcU,319,13,10,DIY MUZATA  CABLE  RAILING  INSTALL with WOOD POSTS !,The Handyman Channel,2025-08-01T17:01:01Z,https://i.ytimg.com/vi/zN72W_DtGcU/maxresdefault.jpg,https://www.youtube.com/watch?v=zN72W_DtGcU
2025-08-17,zN72W_DtGcU,351,15,10,DIY MUZATA  CABLE  RAILING  INSTALL with WOOD POSTS !,The Handyman Channel,2025-08-01T17:01:01Z,https://i.ytimg.com/vi/zN72W_DtGcU/maxresdefault.jpg,https://www.youtube.com/watch?v=zN72W_DtGcU
2025-08-18,zN72W_DtGcU,389,16,10,DIY MUZATA  CABLE  RAILING  INSTALL with WOOD POSTS !,The Handyman Channel,2025-08-01T17:01:01Z,https://i.ytimg.com/vi/zN72W_DtGcU/maxresdefault.jpg,https://www.youtube.com/watch?v=zN72W_DtGcU
2025-08-19,zN72W_DtGcU,420,16,10,DIY MUZATA  CABLE  RAILING  INSTALL with WOOD POSTS !,The Handyman Channel,2025-08-01T17:01:01Z,https://i.ytimg.com/vi/zN72W_DtGcU/maxresdefault.jpg,https://www.youtube.com/watch?v=zN72W_DtGcU
2025-08-20,zN72W_DtGcU,460,17,10,DIY MUZATA  CABLE  RAILING  INSTALL with WOOD POSTS !,The Handyman Channel,2025-08-01T17:01:01Z,https://i.ytimg.com/vi/zN72W_DtGcU/maxresdefault.jpg,https://www.youtube.com/watch?v=zN72W_DtGcU
2025-08-21,zN72W_DtGcU,485,17,10,DIY MUZATA  CABLE  RAILING  INSTALL with WOOD POSTS !,The Handyman Channel,2025-08-01T17:01:01Z,https://i.ytimg.com/vi/zN72W_DtGcU/maxresdefault.jpg,https://www.youtube.com/watch?v=zN72W_DtGcU
2025-08-22,zN72W_DtGcU,489,17,10,DIY MUZATA  CABLE  RAILING  INSTALL with WOOD POSTS !,The Handyman Channel,2025-08-01T17:01:01Z,https://i.ytimg.com/vi/zN72W_DtGcU/maxresdefault.jpg,https://www.youtube.com/watch?v=zN72W_DtGcU
